Date	High	Low	Open	Close	Volume	Adj Close	stock_name	ema_9	ema_21	MACD_9_21	sign	RSI
2019-01-30	16.770000457763672	16.579999923706055	16.690000534057614	16.600000381469727	111548	16.600000381469727	ULUSE.IS	16.59998041926559	16.494833090258783	0.10514732900680812	0	42.75076718361678
2019-01-31	16.700000762939453	16.149999618530273	16.700000762939453	16.389999389648438	144299	16.389999389648438	ULUSE.IS	16.557734839454476	16.48410461779946	0.07363022165501576	0	38.812337860786236
2019-02-01	16.399999618530273	15.539999961853027	16.399999618530273	15.720000267028807	1234759	15.720000267028807	ULUSE.IS	16.389392952886553	16.406791305663678	-0.01739835277712487	0	29.480755004234524
2019-02-04	15.960000038146973	15.600000381469727	15.779999732971193	15.649999618530273	351281	15.649999618530273	ULUSE.IS	16.240953497608626	16.33099650455375	-0.09004300694512324	0	28.704250050316176
2019-02-05	15.779999732971193	15.56999969482422	15.699999809265135	15.579999923706055	288370	15.579999923706055	ULUSE.IS	16.10836204976622	16.25647099116002	-0.14810894139379727	0	27.912508806875564
2019-02-06	15.65999984741211	15.4399995803833	15.649999618530273	15.600000381469727	256773	15.600000381469727	ULUSE.IS	16.00644329167059	16.191863754406675	-0.18542046273608648	0	28.519182339532804
2019-02-07	15.75	15.619999885559082	15.640000343322756	15.699999809265135	198770	15.699999809265135	ULUSE.IS	15.945035815856649	16.143817136914084	-0.19878132105743518	0	31.617885160997787
2019-02-08	15.8100004196167	15.65999984741211	15.6899995803833	15.75	122519	15.75	ULUSE.IS	15.905968198475575	16.105606823448305	-0.19963862497272977	0	33.177691638432094
2019-02-11	16.120000839233402	15.75	15.770000457763672	16.030000686645508	313214	16.030000686645508	ULUSE.IS	15.930805443129184	16.09831569421619	-0.16751025108700546	0	41.25834518618038
2019-02-12	16.110000610351562	15.829999923706055	16.069999694824222	15.859999656677244	158904	15.859999656677244	ULUSE.IS	15.916630247404914	16.0754598399466	-0.15882959254168583	0	38.23515797698727
2019-02-13	15.93000030517578	15.720000267028807	15.880000114440918	15.739999771118164	137019	15.739999771118164	ULUSE.IS	15.88127614173927	16.043447276934348	-0.1621711351950772	0	36.21777230021899
2019-02-14	15.890000343322756	15.729999542236328	15.760000228881836	15.880000114440918	119903	15.880000114440918	ULUSE.IS	15.881020774421334	16.02791988471313	-0.1468991102917947	0	40.18313266400759
2019-02-15	16.040000915527347	15.84000015258789	15.899999618530273	16.0	117660	16.0	ULUSE.IS	15.904828691585262	16.025278315727167	-0.12044962414190508	0	43.42958306216152
2019-02-18	16.040000915527347	15.779999732971193	16.040000915527347	15.850000381469727	479461	15.850000381469727	ULUSE.IS	15.893858579556044	16.008756027257004	-0.11489744770095989	0	40.47265468880586
2019-02-19	15.970000267028807	15.859999656677244	15.890000343322756	15.9399995803833	251542	15.9399995803833	ULUSE.IS	15.903089775415825	16.002296480095918	-0.09920670468009263	0	42.98111391334774
2019-02-20	15.949999809265135	15.850000381469727	15.949999809265135	15.920000076293945	144105	15.920000076293945	ULUSE.IS	15.906472713852484	15.994588304108754	-0.08811559025627069	0	42.551996890720815
2019-02-21	16.399999618530273	15.90999984741211	15.970000267028807	16.399999618530273	125940	16.399999618530273	ULUSE.IS	16.005198599352248	16.032456273112917	-0.02725767376066912	1	54.335686381716656
2019-02-22	16.84000015258789	16.329999923706055	16.420000076293945	16.760000228881836	108278	16.760000228881836	ULUSE.IS	16.156184012012847	16.10024417851773	0.055939833495116886	0	60.8258164928765
2019-02-25	17.0	16.549999237060547	16.75	16.940000534057614	95229	16.940000534057614	ULUSE.IS	16.312968156609227	16.178310535943414	0.13465762066581277	0	63.61068704580627
2019-02-26	17.0	16.889999389648438	16.969999313354492	17.0	63700	17.0	ULUSE.IS	16.45038913839268	16.2545407611754	0.1958483772172812	0	64.51619866084987
2019-02-27	17.0	16.860000610351562	16.989999771118164	16.899999618530273	201263	16.899999618530273	ULUSE.IS	16.54031888479694	16.314310246121355	0.22600863867558374	0	61.757837037473315
2019-02-28	17.120000839233402	16.860000610351562	16.920000076293945	17.030000686645508	72835	17.030000686645508	ULUSE.IS	16.638261910823598	16.38047130330266	0.2577906075209384	0	63.91760800515197
2019-03-01	17.049999237060547	16.829999923706055	17.049999237060547	16.989999771118164	50510	16.989999771118164	ULUSE.IS	16.708613313177185	16.436732020168435	0.2718812930087502	0	62.74341072902842
2019-03-04	17.239999771118164	17.010000228881836	17.200000762939453	17.059999465942386	243330	17.059999465942386	ULUSE.IS	16.77889360486866	16.4941808497301	0.2847127551385604	0	63.99008653399585
2019-03-05	17.09000015258789	17.040000915527347	17.049999237060547	17.049999237060547	77923	17.049999237060547	ULUSE.IS	16.833116620703382	16.545347950675023	0.2877686700283597	0	63.66234495236789
2019-03-06	17.190000534057614	17.010000228881836	17.09000015258789	17.129999160766598	77016	17.129999160766598	ULUSE.IS	16.892494783937636	16.599107597871843	0.29338718606579306	0	65.19797864772056
2019-03-07	17.25	17.030000686645508	17.170000076293945	17.040000915527347	123376	17.040000915527347	ULUSE.IS	16.92199666816958	16.639606246241392	0.28239042192818786	0	62.02250028950045
2019-03-08	17.079999923706055	16.989999771118164	17.030000686645508	17.010000228881836	119950	17.010000228881836	ULUSE.IS	16.93959769432483	16.673596933030716	0.26600076129411576	0	60.95669402787922
2019-03-11	17.260000228881836	17.010000228881836	17.010000228881836	17.170000076293945	118528	17.170000076293945	ULUSE.IS	16.985678828410574	16.719112215779287	0.2665666126312871	0	64.46397751589018
2019-03-12	17.270000457763672	17.069999694824222	17.260000228881836	17.180000305175778	104870	17.180000305175778	ULUSE.IS	17.024543567520492	16.761338136333116	0.2632054311873766	0	64.67755237631499
2019-03-13	17.180000305175778	17.110000610351562	17.149999618530273	17.180000305175778	115734	17.180000305175778	ULUSE.IS	17.055635199054493	16.799668181812997	0.2559670172414954	0	64.67755237631499
2019-03-14	17.219999313354492	17.149999618530273	17.170000076293945	17.190000534057614	48110	17.190000534057614	ULUSE.IS	17.082508462431708	16.835381510470494	0.2471269519612136	0	64.92205572738419
2019-03-15	17.309999465942386	17.200000762939453	17.229999542236328	17.309999465942386	42516	17.309999465942386	ULUSE.IS	17.12800692911818	16.87878110856845	0.24922582054972864	0	67.80218846437465
2019-03-18	17.319999694824222	17.209999084472653	17.299999237060547	17.280000686645508	82974	17.280000686645508	ULUSE.IS	17.15840582279335	16.915449567986993	0.24295625480635508	0	66.33583900947859
2019-03-19	17.700000762939453	17.329999923706055	17.329999923706055	17.579999923706055	41622	17.579999923706055	ULUSE.IS	17.242724958451227	16.97615513943627	0.2665698190149577	0	72.69544397985435
2019-03-20	17.690000534057614	17.569999694824222	17.639999389648438	17.610000610351562	64949	17.610000610351562	ULUSE.IS	17.31618030869457	17.034030449003975	0.2821498596905947	0	73.23987911413991
2019-03-21	17.649999618530273	17.510000228881836	17.559999465942386	17.549999237060547	89678	17.549999237060547	ULUSE.IS	17.362944206345052	17.081123850087398	0.2818203562576542	0	70.22401772680666
2019-03-22	17.899999618530273	17.510000228881836	17.59000015258789	17.739999771118164	89802	17.739999771118164	ULUSE.IS	17.438355463758946	17.141238838346545	0.2971166254124	0	73.89043365804906
2019-03-25	17.760000228881836	17.610000610351562	17.700000762939453	17.719999313354492	151516	17.719999313354492	ULUSE.IS	17.494684320001774	17.194026796907153	0.3006575230946211	0	72.87321720816885
2019-03-26	17.850000381469727	17.65999984741211	17.799999237060547	17.81999969482422	352274	17.81999969482422	ULUSE.IS	17.55974747473346	17.251103838929495	0.30864363580396414	0	74.7452547574467
2019-03-27	17.719999313354492	17.579999923706055	17.700000762939453	17.579999923706055	181164	17.579999923706055	ULUSE.IS	17.56379796850069	17.281084859674007	0.2827131088266839	0	63.431315602309844
2019-03-28	17.790000915527344	17.549999237060547	17.569999694824222	17.75	112934	17.75	ULUSE.IS	17.6010384040208	17.323818956069378	0.27721944795142406	0	67.2166676872331
2019-03-29	18.1200008392334	17.770000457763672	17.770000457763672	18.06999969482422	132590	18.06999969482422	ULUSE.IS	17.69483072105588	17.391806077448063	0.30302464360781656	0	72.90268670585492
2019-04-01	18.15999984741211	17.899999618530273	18.020000457763672	18.1200008392334	54749	18.1200008392334	ULUSE.IS	17.779864787392782	17.458140876040208	0.3217239113525743	0	73.67111396103661
2019-04-02	18.25	18.059999465942386	18.1299991607666	18.239999771118164	96694	18.239999771118164	ULUSE.IS	17.871891821108296	17.52935097273771	0.34254084837058585	0	75.46904528109329
2019-04-03	18.399999618530273	18.21999931335449	18.280000686645508	18.3799991607666	73884	18.3799991607666	ULUSE.IS	17.973513321699848	17.606813177117733	0.366700144582115	0	77.40742883917748
2019-04-04	18.530000686645508	18.3700008392334	18.3799991607666	18.450000762939453	72016	18.450000762939453	ULUSE.IS	18.06881083444972	17.68358421771061	0.38522661673911074	0	78.3294924253461
2019-04-05	18.479999542236328	18.32999992370605	18.32999992370605	18.43000030517578	67571	18.43000030517578	ULUSE.IS	18.14104874345341	17.751534870811003	0.3895138726424072	0	77.35804933957303
2019-04-08	18.790000915527344	18.540000915527344	18.540000915527344	18.59000015258789	50380	18.59000015258789	ULUSE.IS	18.230839040055344	17.827855626842506	0.40298341321283715	0	79.54371228103653
2019-04-09	18.600000381469727	18.11000061035156	18.5	18.420000076293945	54981	18.420000076293945	ULUSE.IS	18.268671252283312	17.881748977965383	0.3869222743179286	0	71.63166906291659
2019-04-10	18.559999465942386	18.399999618530273	18.520000457763672	18.530000686645508	67101	18.530000686645508	ULUSE.IS	18.320937144659993	17.940742686611845	0.3801944580481482	0	73.4705028525429
2019-04-11	18.940000534057614	18.51000022888184	18.51000022888184	18.8799991607666	60528	18.8799991607666	ULUSE.IS	18.432749557301488	18.026210947851247	0.4065386094502408	0	78.29202115824019
2019-04-12	19.649999618530273	19.0	19.0	19.239999771118164	84057	19.239999771118164	ULUSE.IS	18.594199610946536	18.13665090043489	0.45754871051164514	0	81.92982257658494
2019-04-15	19.84000015258789	19.270000457763672	19.270000457763672	19.84000015258789	172046	19.84000015258789	ULUSE.IS	18.843359732709494	18.291622675627632	0.551737057081862	0	86.10822534763872
2019-04-16	20.239999771118164	19.90999984741211	20.0	19.950000762939453	276737	19.950000762939453	ULUSE.IS	19.064687948302684	18.44249215432659	0.6221957939760934	0	86.71474654029832
2019-04-17	20.100000381469727	19.899999618530273	19.950000762939453	19.899999618530273	334041	19.899999618530273	ULUSE.IS	19.23175028811331	18.57507898454675	0.6566713035665614	0	84.90020660592054
2019-04-18	20.100000381469727	19.90999984741211	19.940000534057614	20.020000457763672	270242	20.020000457763672	ULUSE.IS	19.389400326395627	18.706513120897476	0.682887205498151	0	85.67495145282405
2019-04-19	20.07999992370605	19.979999542236328	20.040000915527344	20.040000915527344	42352	20.040000915527344	ULUSE.IS	19.51952044709575	18.82780441801013	0.6917160290856224	0	85.80567170372045
2019-04-22	20.15999984741211	20.020000457763672	20.020000457763672	20.13999938964844	139226	20.13999938964844	ULUSE.IS	19.64361623779887	18.947153134331778	0.6964631034670923	0	86.47043746842378
2019-04-23	20.13999938964844	20.13999938964844	20.13999938964844	20.13999938964844	0	20.13999938964844	ULUSE.IS	19.742892869572035	19.055641850866294	0.6872510187057408	0	86.47043746842378
2019-04-24	20.299999237060547	20.13999938964844	20.200000762939453	20.18000030517578	102933	20.18000030517578	ULUSE.IS	19.830314357681328	19.157897511809107	0.6724168458722204	0	86.75814326342038
2019-04-25	20.479999542236328	20.21999931335449	20.21999931335449	20.3799991607666	129349	20.3799991607666	ULUSE.IS	19.9402513192929	19.26903842611834	0.6712128931745625	0	88.11857189161638
2019-04-26	20.84000015258789	20.31999969482422	20.3799991607666	20.600000381469727	362548	20.600000381469727	ULUSE.IS	20.072201132683187	19.390075325755664	0.6821258069275231	0	89.40770882648235
2019-04-29	20.739999771118164	20.600000381469727	20.63999938964844	20.68000030517578	135347	20.68000030517578	ULUSE.IS	20.19376096788549	19.507376789982477	0.6863841779030118	0	89.83942456081775
2019-04-30	20.81999969482422	20.57999992370605	20.76000022888184	20.600000381469727	112218	20.600000381469727	ULUSE.IS	20.27500885097865	19.606733586962655	0.6682752640159961	0	86.06193097057036
2019-05-01	20.600000381469727	20.600000381469727	20.600000381469727	20.600000381469727	0	20.600000381469727	ULUSE.IS	20.340007157317707	19.697053194836432	0.6429539624812755	0	86.06193097057036
2019-05-02	20.739999771118164	20.600000381469727	20.700000762939453	20.739999771118164	109949	20.739999771118164	ULUSE.IS	20.420005680314937	19.79188811787663	0.6281175624383053	0	87.15785460600851
2019-05-03	20.739999771118164	20.600000381469727	20.739999771118164	20.65999984741211	176062	20.65999984741211	ULUSE.IS	20.468004513848197	19.870823708719097	0.5971808051290992	0	83.13521769324382
2019-05-06	20.71999931335449	20.57999992370605	20.65999984741211	20.57999992370605	228990	20.57999992370605	ULUSE.IS	20.49040359586226	19.935306410444298	0.5550971854179636	0	79.19874462956354
2019-05-07	20.959999084472656	20.65999984741211	20.71999931335449	20.940000534057614	172145	20.940000534057614	ULUSE.IS	20.580322983637803	20.026657870661467	0.5536651129763364	0	83.08108132020539
2019-05-08	21.76000022888184	20.979999542236328	20.979999542236328	21.71999931335449	207302	21.71999931335449	ULUSE.IS	20.808258249857897	20.180621951090767	0.6276362987671291	0	88.21384416812106
2019-05-09	21.959999084472656	21.559999465942386	21.76000022888184	21.8799991607666	319597	21.8799991607666	ULUSE.IS	21.02260643224784	20.33513263769817	0.6874737945496712	0	88.95411308996688
2019-05-10	21.899999618530273	21.07999992370605	21.8799991607666	21.299999237060547	90116	21.299999237060547	ULUSE.IS	21.07808499325349	20.422859060729287	0.6552259325242034	0	71.43793727603706
2019-05-13	21.5	20.899999618530273	21.200000762939453	21.36000061035156	162155	21.36000061035156	ULUSE.IS	21.134468116708156	20.508063704738827	0.6264044119693288	0	72.05107261004122
2019-05-14	21.399999618530273	21.100000381469727	21.399999618530273	21.18000030517578	33610	21.18000030517578	ULUSE.IS	21.14357455440621	20.569155340820174	0.5744192135860366	0	67.37821033007012
2019-05-15	21.26000022888184	21.059999465942386	21.18000030517578	21.15999984741211	49889	21.15999984741211	ULUSE.IS	21.146859613008697	20.622873666165805	0.5239859468428918	0	66.85934337131938
2019-05-16	21.239999771118164	20.899999618530273	21.18000030517578	21.040000915527344	88158	21.040000915527344	ULUSE.IS	21.125487873505627	20.660797655096175	0.46469021840945146	0	63.690273695473046
2019-05-17	21.1200008392334	20.979999542236328	21.1200008392334	21.020000457763672	24488	21.020000457763672	ULUSE.IS	21.104390390351863	20.693455062127608	0.41093532822425516	0	63.15298119819537
2019-05-20	21.399999618530273	20.920000076293945	21.040000915527344	20.959999084472656	192094	20.959999084472656	ULUSE.IS	21.07551212917014	20.717688095373656	0.35782403379648287	0	61.47742398950152
2019-05-21	21.13999938964844	20.979999542236328	21.040000915527344	21.07999992370605	72899	21.07999992370605	ULUSE.IS	21.07640968807747	20.750627707300712	0.3257819807767568	0	63.55977632436841
2019-05-22	21.26000022888184	21.100000381469727	21.1200008392334	21.18000030517578	93487	21.18000030517578	ULUSE.IS	21.09712781149983	20.789663920901575	0.30746389059825674	0	65.24574289729418
2019-05-23	21.280000686645508	21.13999938964844	21.200000762939453	21.15999984741211	111112	21.15999984741211	ULUSE.IS	21.109702218683598	20.823332658920997	0.28636955976260126	0	64.60196418655816
2019-05-24	21.18000030517578	21.07999992370605	21.15999984741211	21.1200008392334	76505	21.1200008392334	ULUSE.IS	21.11176194279373	20.850303830276737	0.26145811251699413	0	63.25767827021484
2019-05-27	21.100000381469727	20.84000015258789	21.07999992370605	20.86000061035156	67586	20.86000061035156	ULUSE.IS	21.06140967630194	20.851185395459297	0.21022428084264178	0	55.21481414777557
2019-05-28	20.959999084472656	20.71999931335449	20.8799991607666	20.739999771118164	65174	20.739999771118164	ULUSE.IS	20.99712769526175	20.841077197381786	0.1560504978799635	0	51.93284257765796
2019-05-29	20.899999618530273	20.799999237060547	20.81999969482422	20.86000061035156	58573	20.86000061035156	ULUSE.IS	20.969702278278543	20.842797571714527	0.12690470656401587	0	54.82462522625648
2019-05-30	20.86000061035156	20.63999938964844	20.86000061035156	20.700000762939453	112983	20.700000762939453	ULUSE.IS	20.91576197520888	20.82981560417276	0.08594637103611902	0	50.465200534912235
2019-05-31	20.86000061035156	20.700000762939453	20.780000686645508	20.780000686645508	89874	20.780000686645508	ULUSE.IS	20.888609717495466	20.825286835934044	0.0633228815614224	0	52.49901266203358
2019-06-03	20.920000076293945	20.76000022888184	20.81999969482422	20.81999969482422	61849	20.81999969482422	ULUSE.IS	20.874887712960916	20.824806173294636	0.05008153966628015	0	53.52643903063536
2019-06-04	20.81999969482422	20.81999969482422	20.81999969482422	20.81999969482422	0	20.81999969482422	ULUSE.IS	20.863910109333382	20.824369209592753	0.03954089974062924	0	53.52643903063536
2019-06-05	20.81999969482422	20.81999969482422	20.81999969482422	20.81999969482422	0	20.81999969482422	ULUSE.IS	20.855128026431426	20.823971971792627	0.031156054638799446	0	53.52643903063536
2019-06-06	20.81999969482422	20.81999969482422	20.81999969482422	20.81999969482422	0	20.81999969482422	ULUSE.IS	20.848102360109905	20.823610848113876	0.024491511996028947	0	53.52643903063537
2019-06-07	20.84000015258789	20.68000030517578	20.799999237060547	20.71999931335449	72089	20.71999931335449	ULUSE.IS	20.822481750758595	20.814191437687377	0.008290313071217525	0	49.8972012371702
2019-06-10	20.84000015258789	20.68000030517578	20.780000686645508	20.700000762939453	270983	20.700000762939453	ULUSE.IS	20.79798555319459	20.803810286917976	-0.005824733723386544	0	49.17906167106717
2019-06-11	20.739999771118164	20.700000762939453	20.700000762939453	20.700000762939453	220274	20.700000762939453	ULUSE.IS	20.77838859514345	20.794372908426393	-0.015984313282942253	0	49.17906167106717
2019-06-12	20.739999771118164	20.700000762939453	20.700000762939453	20.71999931335449	118464	20.71999931335449	ULUSE.IS	20.766710738785605	20.787611575440064	-0.020900836654458743	0	50.01342539240325
2019-06-13	21.799999237060547	20.71999931335449	20.71999931335449	20.780000686645508	294672	20.780000686645508	ULUSE.IS	20.769368728357595	20.786919667428247	-0.017550939070652305	0	52.53148350635277
2019-06-14	20.920000076293945	20.739999771118164	20.8799991607666	20.780000686645508	79329	20.780000686645508	ULUSE.IS	20.771495120015185	20.78629066171207	-0.014795541696884129	0	52.53148350635277
2019-06-17	20.799999237060547	20.71999931335449	20.76000022888184	20.71999931335449	64364	20.71999931335449	ULUSE.IS	20.76119595868302	20.780264110492762	-0.01906815180974064	0	49.631855724605295
2019-06-18	20.76000022888184	20.71999931335449	20.739999771118164	20.71999931335449	57387	20.71999931335449	ULUSE.IS	20.7529566296173	20.774785438848088	-0.02182880923078656	0	49.63185572460529
2019-06-19	20.76000022888184	20.71999931335449	20.71999931335449	20.71999931335449	74927	20.71999931335449	ULUSE.IS	20.74636516636473	20.76980483758593	-0.023439671221201053	0	49.631855724605295
2019-06-20	21.200000762939453	20.71999931335449	20.76000022888184	20.739999771118164	136520	20.739999771118164	ULUSE.IS	20.745092087315413	20.76709526413046	-0.02200317681504771	0	50.76332839615584
2019-06-21	20.899999618530273	20.739999771118164	20.780000686645508	20.899999618530273	74302	20.899999618530273	ULUSE.IS	20.776073593558415	20.77917756718049	-0.003103973622074818	0	58.74708173774442
2019-06-24	20.920000076293945	20.76000022888184	20.920000076293945	20.76000022888184	35113	20.76000022888184	ULUSE.IS	20.772858920623097	20.777434161113195	-0.004575240490098054	0	50.9605542055599
2019-06-25	20.780000686645508	20.739999771118164	20.76000022888184	20.780000686645508	118690	20.780000686645508	ULUSE.IS	20.77428727382758	20.77766748303675	-0.003380209209172591	0	51.940573412427455
2019-06-26	20.76000022888184	20.739999771118164	20.76000022888184	20.739999771118164	216061	20.739999771118164	ULUSE.IS	20.76742977328569	20.774243126635298	-0.006813353349606643	0	49.79714890925258
2019-06-27	20.81999969482422	20.739999771118164	20.739999771118164	20.76000022888184	154224	20.76000022888184	ULUSE.IS	20.765943864404917	20.772948311233176	-0.007004446828258182	0	50.88843817811729
2019-06-28	20.81999969482422	20.739999771118164	20.81999969482422	20.76000022888184	50955	20.76000022888184	ULUSE.IS	20.764755137300302	20.771771207452936	-0.007016070152634057	0	50.88843817811729
2019-07-01	20.799999237060547	20.739999771118164	20.799999237060547	20.739999771118164	78163	20.739999771118164	ULUSE.IS	20.759804064063875	20.768882883047375	-0.00907881898350027	0	49.63706465901787
2019-07-02	20.76000022888184	20.71999931335449	20.739999771118164	20.739999771118164	104088	20.739999771118164	ULUSE.IS	20.755843205474733	20.766257135672422	-0.010413930197689325	0	49.63706465901787
2019-07-03	20.780000686645508	20.739999771118164	20.76000022888184	20.76000022888184	97057	20.76000022888184	ULUSE.IS	20.756674610156153	20.765688324009243	-0.00901371385308991	0	51.03354825936702
2019-07-04	20.780000686645508	20.700000762939453	20.76000022888184	20.700000762939453	61013	20.700000762939453	ULUSE.IS	20.745339840712813	20.759716708890373	-0.014376868177560453	0	46.83776451063633
2019-07-05	20.71999931335449	20.520000457763672	20.520000457763672	20.700000762939453	98870	20.700000762939453	ULUSE.IS	20.736272025158137	20.75428797111139	-0.018015945953251844	1	46.83776451063633
2019-07-08	21.799999237060547	20.399999618530273	20.399999618530273	21.76000022888184	215990	21.76000022888184	ULUSE.IS	20.941017665902894	20.84571659426713	0.09530107163576318	0	80.19699594590939
2019-07-09	22.0	21.0	21.8799991607666	21.399999618530273	81419	21.399999618530273	ULUSE.IS	21.032814056428375	20.89610607839561	0.13670797803276358	0	65.22697765251058
2019-07-10	22.71999931335449	21.18000030517578	21.280000686645508	22.34000015258789	140598	22.34000015258789	ULUSE.IS	21.29425127566029	21.02736945617048	0.2668818194898108	0	77.19647229406527
2019-07-11	24.239999771118164	22.040000915527344	22.299999237060547	23.0	231660	23.0	ULUSE.IS	21.635401020528242	21.20669985351668	0.42870116701156036	0	81.90592275755748
2019-07-12	23.20000076293945	22.0	23.20000076293945	23.0	34505	23.0	ULUSE.IS	21.908320816422602	21.36972742708709	0.5385933893355137	0	81.90592275755748
2019-07-15	23.0	23.0	23.0	23.0	0	23.0	ULUSE.IS	22.126656653138088	21.517934262249724	0.6087223908883637	0	81.90592275755748
2019-07-16	23.28000068664551	22.399999618530273	23.0	22.57999992370605	30653	22.57999992370605	ULUSE.IS	22.217325307251684	21.614485826749785	0.6028394805018991	0	70.35714582405521
2019-07-17	22.71999931335449	22.059999465942386	22.299999237060547	22.239999771118164	35140	22.239999771118164	ULUSE.IS	22.22186020002498	21.671350806133333	0.5505093938916481	0	62.655329932986945
2019-07-18	22.399999618530273	21.799999237060547	22.100000381469727	22.18000030517578	191647	22.18000030517578	ULUSE.IS	22.21348822105514	21.717591725384864	0.4958964956702765	0	61.378439254143736
2019-07-19	22.36000061035156	21.36000061035156	22.100000381469727	21.68000030517578	67503	21.68000030517578	ULUSE.IS	22.106790637879264	21.714174319805277	0.392616318073987	0	51.888302668292745
2019-07-22	21.700000762939453	20.3799991607666	21.700000762939453	20.739999771118164	111544	20.739999771118164	ULUSE.IS	21.833432464527043	21.625612909030536	0.20781955549650633	0	39.51769558674785
2019-07-23	20.979999542236328	20.540000915527344	20.959999084472656	20.81999969482422	69485	20.81999969482422	ULUSE.IS	21.630745910586477	21.552375277819674	0.07837063276680212	0	40.81102316056916
2019-07-24	21.0	20.399999618530273	20.86000061035156	20.600000381469727	75712	20.600000381469727	ULUSE.IS	21.424596804763123	21.465795670553277	-0.04119886579015386	0	38.38046048689898
2019-07-25	20.86000061035156	20.459999084472656	20.700000762939453	20.63999938964844	57924	20.63999938964844	ULUSE.IS	21.267677321740187	21.390723225228378	-0.12304590348819033	1	39.09073346352924
2019-07-26	23.8799991607666	20.540000915527344	20.63999938964844	23.20000076293945	298004	23.20000076293945	ULUSE.IS	21.654142009980042	21.55520311322536	0.0989388967546816	0	66.05741188729712
2019-07-29	23.5	22.15999984741211	23.28000068664551	22.239999771118164	92064	22.239999771118164	ULUSE.IS	21.771313562207666	21.617457393334757	0.15385616887290965	0	56.03798728275788
2019-07-30	25.78000068664551	21.57999992370605	22.31999969482422	24.81999969482422	334591	24.81999969482422	ULUSE.IS	22.381050788730978	21.90859776616999	0.47245302256098753	0	69.4493815164595
2019-07-31	27.5	24.29999923706055	25.0	25.28000068664551	175291	25.28000068664551	ULUSE.IS	22.960840768313886	22.215089097336424	0.7457516709774623	0	71.13989274783194
2019-08-01	25.5	23.81999969482422	24.739999771118164	24.78000068664551	53590	24.78000068664551	ULUSE.IS	23.324672751980213	22.44826298647538	0.8764097655048317	0	66.81226245821479
2019-08-02	27.5	25.0	25.020000457763672	26.18000030517578	44471	26.18000030517578	ULUSE.IS	23.895738262619325	22.78751197686361	1.1082262857557161	0	71.95640734611362
2019-08-05	27.399999618530273	25.20000076293945	25.20000076293945	26.0	32955	26.0	ULUSE.IS	24.316590610095457	23.079556454697393	1.2370341553980637	0	70.44454271534646
2019-08-06	26.0	25.020000457763672	25.920000076293945	25.28000068664551	16368	25.28000068664551	ULUSE.IS	24.509272625405465	23.279596909220515	1.2296757161849499	0	64.59791476143255
2019-08-07	27.20000076293945	24.60000038146973	25.459999084472656	25.34000015258789	31430	25.34000015258789	ULUSE.IS	24.67541813084195	23.46690635439783	1.2085117764441229	0	64.85965118175376
2019-08-08	26.0	25.0	25.76000022888184	25.540000915527344	7830	25.540000915527344	ULUSE.IS	24.848334687779033	23.655369550666535	1.1929651371124983	0	65.76817092805905
2019-08-09	25.78000068664551	24.81999969482422	25.78000068664551	25.34000015258789	15269	25.34000015258789	ULUSE.IS	24.946667780740807	23.80851782735388	1.1381499533869253	0	63.986604378182726
2019-08-12	25.34000015258789	25.34000015258789	25.34000015258789	25.34000015258789	0	25.34000015258789	ULUSE.IS	25.025334255110227	23.947743526465274	1.077590728644953	0	63.986604378182726
2019-08-13	25.34000015258789	25.34000015258789	25.34000015258789	25.34000015258789	0	25.34000015258789	ULUSE.IS	25.088267434605765	24.074312338080567	1.0139550965251978	0	63.986604378182726
2019-08-14	25.34000015258789	25.34000015258789	25.34000015258789	25.34000015258789	0	25.34000015258789	ULUSE.IS	25.138613978202194	24.189374889335227	0.9492390888669675	0	63.98660437818273
2019-08-15	25.79999923706055	24.20000076293945	25.5	25.28000068664551	26197	25.28000068664551	ULUSE.IS	25.166891319890862	24.28852270684386	0.8783686130470016	0	63.29475985338027
2019-08-16	25.5	24.71999931335449	25.5	25.15999984741211	8242	25.15999984741211	ULUSE.IS	25.165513025395114	24.36774791433721	0.7977651110579025	0	61.854268350952445
2019-08-19	25.3799991607666	24.71999931335449	25.3799991607666	24.81999969482422	11046	24.81999969482422	ULUSE.IS	25.096410359280938	24.40886171864738	0.6875486406335583	0	57.83788758117247
2019-08-20	24.959999084472656	24.10000038146973	24.959999084472656	24.399999618530273	9591	24.399999618530273	ULUSE.IS	24.957128211130808	24.408056073073805	0.549072138057003	0	53.23902688764186
2019-08-21	26.0	24.57999992370605	24.57999992370605	25.26000022888184	26733	25.26000022888184	ULUSE.IS	25.017702614681017	24.485505551255592	0.5321970634254249	0	60.21481508742937
2019-08-22	25.8799991607666	25.28000068664551	25.440000534057614	25.5	23455	25.5	ULUSE.IS	25.114162091744817	24.57773232957709	0.5364297621677281	0	61.9220002354557
2019-08-23	26.559999465942386	25.60000038146973	25.959999084472656	26.059999465942386	31109	26.059999465942386	ULUSE.IS	25.303329566584335	24.712483901048255	0.5908456655360794	0	65.6281550410605
2019-08-26	26.60000038146973	25.959999084472656	26.20000076293945	26.60000038146973	24941	26.60000038146973	ULUSE.IS	25.562663729561418	24.884076324126028	0.6785874054353904	0	68.78335720094472
2019-08-27	27.420000076293945	26.78000068664551	26.79999923706055	27.239999771118164	15348	27.239999771118164	ULUSE.IS	25.898130937872768	25.098251200833865	0.7998797370389035	0	72.05724179434529
2019-08-28	27.5	27.0	27.479999542236328	27.239999771118164	9499	27.239999771118164	ULUSE.IS	26.166504704521852	25.292955631099684	0.8735490734221685	0	72.05724179434529
2019-08-29	27.36000061035156	27.0	27.040000915527344	27.20000076293945	20518	27.20000076293945	ULUSE.IS	26.373203916205373	25.466323382326177	0.9068805338791961	0	71.51360993292222
2019-08-30	27.20000076293945	27.20000076293945	27.20000076293945	27.20000076293945	0	27.20000076293945	ULUSE.IS	26.53856328555219	25.623930426818568	0.9146328587336221	0	71.51360993292222
2019-09-02	27.13999938964844	26.059999465942386	27.059999465942386	26.81999969482422	15286	26.81999969482422	ULUSE.IS	26.594850567406603	25.732664002840863	0.8621865645657394	0	66.02525351723236
2019-09-03	27.21999931335449	26.20000076293945	26.68000030517578	26.86000061035156	8801	26.86000061035156	ULUSE.IS	26.647880575995597	25.835149154293752	0.8127314217018444	0	66.31828721880116
2019-09-04	26.8799991607666	26.399999618530273	26.79999923706055	26.70000076293945	7643	26.70000076293945	ULUSE.IS	26.65830461338437	25.91377203151418	0.7445325818701889	0	63.942617421219644
2019-09-05	26.71999931335449	26.15999984741211	26.5	26.440000534057614	3525	26.440000534057614	ULUSE.IS	26.61464379751902	25.96161098834147	0.6530328091775495	0	60.170581426076545
2019-09-06	27.0	26.520000457763672	26.71999931335449	26.68000030517578	5684	26.68000030517578	ULUSE.IS	26.627715099050373	26.026919110598612	0.6007959884517611	0	62.37686907241893
2019-09-09	26.979999542236328	26.36000061035156	26.8799991607666	26.71999931335449	6802	26.71999931335449	ULUSE.IS	26.6461719419112	26.089926403990308	0.5562455379208906	0	62.74724237308465
2019-09-10	26.86000061035156	26.239999771118164	26.86000061035156	26.440000534057614	6950	26.440000534057614	ULUSE.IS	26.604937660340486	26.121751325930443	0.48318633441004266	0	58.41232494711467
2019-09-11	26.81999969482422	26.059999465942386	26.559999465942386	26.3799991607666	9799	26.3799991607666	ULUSE.IS	26.559949960425715	26.145228402511986	0.41472155791372955	0	57.49565925166408
2019-09-12	26.5	26.07999992370605	26.31999969482422	26.28000068664551	2552	26.28000068664551	ULUSE.IS	26.50396010566968	26.157480428668404	0.3464796770012768	0	55.920606070618305
2019-09-13	26.479999542236328	26.10000038146973	26.13999938964844	26.29999923706055	9813	26.29999923706055	ULUSE.IS	26.46316793194786	26.17043668429027	0.29273124765759206	0	56.179147895449205
2019-09-16	26.8799991607666	26.20000076293945	26.20000076293945	26.60000038146973	15370	26.60000038146973	ULUSE.IS	26.490534421852242	26.20948793034739	0.2810464915048527	0	59.972017993029915
2019-09-17	26.86000061035156	25.20000076293945	26.440000534057614	26.559999465942386	4228	26.559999465942386	ULUSE.IS	26.504427430670276	26.241352616038675	0.2630748146316009	0	59.23580555108562
2019-09-18	26.78000068664551	25.81999969482422	26.479999542236328	26.3799991607666	13337	26.3799991607666	ULUSE.IS	26.479541776689544	26.253956847606705	0.22558492908283867	0	55.909746130278656
2019-09-19	26.76000022888184	25.84000015258789	26.21999931335449	26.34000015258789	3747	26.34000015258789	ULUSE.IS	26.451633451869217	26.26177896637063	0.18985448549858575	0	55.16844087331873
2019-09-20	26.399999618530273	26.040000915527344	26.26000022888184	26.34000015258789	2416	26.34000015258789	ULUSE.IS	26.42930679201296	26.268889983406307	0.16041680860665153	0	55.16844087331873
2019-09-23	26.26000022888184	25.63999938964844	25.79999923706055	25.920000076293945	3033	25.920000076293945	ULUSE.IS	26.32744544886916	26.237172718690168	0.09027273017899162	0	47.499002495003424
2019-09-24	27.239999771118164	25.979999542236328	27.239999771118164	26.3799991607666	14319	26.3799991607666	ULUSE.IS	26.337956191248654	26.250156940858336	0.08779925039031866	0	54.89489852825744
2019-09-25	26.57999992370605	25.31999969482422	26.18000030517578	26.15999984741211	17872	26.15999984741211	ULUSE.IS	26.302364922481352	26.24196084136162	0.0604040811197315	0	51.18139052050226
2019-09-26	26.70000076293945	25.68000030517578	26.15999984741211	26.20000076293945	7949	26.20000076293945	ULUSE.IS	26.281892090572978	26.238146288738644	0.04374580183433352	0	51.819589584219365
2019-09-27	26.31999969482422	25.8799991607666	26.07999992370605	26.26000022888184	2660	26.26000022888184	ULUSE.IS	26.277513718234754	26.240133010588377	0.03738070764637769	0	52.815976162837906
2019-09-30	26.1200008392334	25.36000061035156	25.84000015258789	25.70000076293945	10273	25.70000076293945	ULUSE.IS	26.162011127175695	26.191030078567508	-0.02901895139181221	0	43.726705384689616
2019-10-01	26.07999992370605	25.479999542236328	25.65999984741211	25.5	20380	25.5	ULUSE.IS	26.02960890174056	26.12820916184977	-0.09860026010921175	0	41.0121131613446
2019-10-02	25.78000068664551	24.899999618530273	25.57999992370605	25.36000061035156	16973	25.36000061035156	ULUSE.IS	25.895687243462763	26.058372020315005	-0.1626847768522417	0	39.17859234236153
2019-10-03	25.65999984741211	25.0	25.21999931335449	25.059999465942386	7358	25.059999465942386	ULUSE.IS	25.728549687958694	25.96761087843011	-0.23906119047141772	0	35.51454247918082
2019-10-04	25.57999992370605	25.07999992370605	25.36000061035156	25.399999618530273	2199	25.399999618530273	ULUSE.IS	25.662839674073016	25.91600985450396	-0.25317018043094563	0	42.121079235209166
2019-10-07	25.5	25.10000038146973	25.239999771118164	25.239999771118164	4166	25.239999771118164	ULUSE.IS	25.578271693482048	25.85455439205437	-0.2762826985723237	0	40.042082232643985
2019-10-08	25.399999618530273	24.07999992370605	25.10000038146973	24.899999618530273	9328	24.899999618530273	ULUSE.IS	25.442617278491696	25.76777668495495	-0.3251594064632535	0	35.97822591745292
2019-10-09	25.3799991607666	24.520000457763672	24.899999618530273	24.899999618530273	6766	24.899999618530273	ULUSE.IS	25.334093746499416	25.68888786039121	-0.35479411389179205	0	35.9782259174529
2019-10-10	25.0	23.60000038146973	24.8799991607666	24.399999618530273	28266	24.399999618530273	ULUSE.IS	25.14727492090559	25.571716201576653	-0.42444128067106135	0	30.669517274654794
2019-10-11	24.60000038146973	23.78000068664551	24.15999984741211	24.18000030517578	10549	24.18000030517578	ULUSE.IS	24.95381999775963	25.445196574176077	-0.49137657641644594	0	28.665313626778044
2019-10-14	24.899999618530273	23.0	24.36000061035156	24.3799991607666	12811	24.3799991607666	ULUSE.IS	24.839055830361026	25.348360445367685	-0.5093046150066591	0	32.95469022636884
2019-10-15	24.60000038146973	23.78000068664551	24.29999923706055	24.020000457763672	14364	24.020000457763672	ULUSE.IS	24.675244755841558	25.227600446135646	-0.5523556902940889	0	29.51446805013282
2019-10-16	26.20000076293945	23.81999969482422	23.81999969482422	24.020000457763672	26506	24.020000457763672	ULUSE.IS	24.544195896225983	25.11781862871427	-0.573622732488289	0	29.514468050132834
2019-10-17	24.479999542236328	23.899999618530273	23.899999618530273	24.399999618530273	7533	24.399999618530273	ULUSE.IS	24.515356640686843	25.05256235490088	-0.5372057142140356	0	37.50157334833202
2019-10-18	25.040000915527344	24.1200008392334	24.559999465942386	24.5	14935	24.5	ULUSE.IS	24.512285312549476	25.002329413434072	-0.49004410088459593	0	39.4461926223407
2019-10-21	25.0	24.21999931335449	25.0	24.36000061035156	534	24.36000061035156	ULUSE.IS	24.481828372109895	24.943935885762567	-0.462107513652672	0	37.678649575327356
2019-10-22	24.76000022888184	24.21999931335449	24.76000022888184	24.540000915527344	17205	24.540000915527344	ULUSE.IS	24.493462880793388	24.907214524764317	-0.41375164397092945	0	41.31940258730308
2019-10-23	24.899999618530273	24.3799991607666	24.76000022888184	24.79999923706055	12940	24.79999923706055	ULUSE.IS	24.55477015204682	24.897467680411257	-0.342697528364436	0	46.20768804042097
2019-10-24	24.8799991607666	24.399999618530273	24.79999923706055	24.79999923706055	20527	24.79999923706055	ULUSE.IS	24.60381596904957	24.888606912820403	-0.28479094377083314	0	46.20768804042097
2019-10-25	25.29999923706055	24.65999984741211	24.899999618530273	25.239999771118164	17854	25.239999771118164	ULUSE.IS	24.731052729463293	24.920551718164493	-0.18949898870119952	0	53.76675862521065
2019-10-28	25.979999542236328	25.13999938964844	25.979999542236328	25.739999771118164	4491	25.739999771118164	ULUSE.IS	24.93284213779427	24.99504699579964	-0.062204858005369346	0	60.55079182847556
2019-10-30	25.739999771118164	25.15999984741211	25.739999771118164	25.34000015258789	6887	25.34000015258789	ULUSE.IS	25.014273740752998	25.02640637372542	-0.01213263297242051	1	53.75518506600538
2019-10-31	25.899999618530273	25.34000015258789	25.68000030517578	25.899999618530273	4836	25.899999618530273	ULUSE.IS	25.191418916308457	25.105823941517688	0.08559497479076938	0	60.44774647621598
2019-11-01	26.60000038146973	25.540000915527344	26.21999931335449	25.979999542236328	11100	25.979999542236328	ULUSE.IS	25.349135041494034	25.18529445074919	0.1638405907448437	0	61.309184128452316
2019-11-04	26.479999542236328	25.420000076293945	26.479999542236328	25.8799991607666	5114	25.8799991607666	ULUSE.IS	25.45530786534855	25.248449424441514	0.20685844090703753	0	59.56285971492639
2019-11-05	25.959999084472656	25.459999084472656	25.959999084472656	25.60000038146973	4469	25.60000038146973	ULUSE.IS	25.48424636857279	25.280408602378188	0.20383776619460292	0	54.85169183147677
2019-11-06	26.20000076293945	25.520000457763672	25.520000457763672	25.899999618530273	6939	25.899999618530273	ULUSE.IS	25.56739701856429	25.33673505843209	0.23066196013219908	0	58.62752851005846
2019-11-07	26.13999938964844	25.68000030517578	26.0	26.020000457763672	9773	26.020000457763672	ULUSE.IS	25.657917706404167	25.398850094775142	0.2590676116290247	0	60.06619852222059
2019-11-08	26.21999931335449	24.739999771118164	25.899999618530273	25.71999931335449	7209	25.71999931335449	ULUSE.IS	25.670334027794233	25.428045478299524	0.24228854949470957	0	54.924147711513854
2019-11-11	25.76000022888184	24.79999923706055	25.76000022888184	25.540000915527344	15114	25.540000915527344	ULUSE.IS	25.64426740534086	25.438223245325677	0.2060441600151819	0	52.04530343845492
2019-11-12	25.3799991607666	24.3799991607666	25.3799991607666	24.68000030517578	15723	24.68000030517578	ULUSE.IS	25.45141398530785	25.369293887096728	0.08212009821112076	0	40.99046309551334
2019-11-13	25.20000076293945	24.76000022888184	24.76000022888184	25.1200008392334	6229	25.1200008392334	ULUSE.IS	25.385131356092963	25.346630882735504	0.038500473357458986	0	47.172990927490986
2019-11-14	25.239999771118164	24.440000534057614	25.040000915527344	24.8799991607666	13516	24.8799991607666	ULUSE.IS	25.284104917027694	25.30420981708493	-0.02010490005723753	0	44.43806972273769
2019-11-15	24.979999542236328	24.520000457763672	24.979999542236328	24.70000076293945	7468	24.70000076293945	ULUSE.IS	25.16728408621005	25.249281721233466	-0.0819976350234164	0	42.45027751764413
2019-11-18	24.79999923706055	24.399999618530273	24.79999923706055	24.63999938964844	27234	24.63999938964844	ULUSE.IS	25.06182714689773	25.193892418343715	-0.13206527144598468	0	41.77938176749221
2019-11-19	24.979999542236328	24.440000534057614	24.65999984741211	24.76000022888184	11675	24.76000022888184	ULUSE.IS	25.001461763294554	25.15444767383528	-0.15298591054072475	0	43.695939898373325
2019-11-20	25.29999923706055	24.6200008392334	24.920000076293945	25.1200008392334	15214	25.1200008392334	ULUSE.IS	25.025169578482327	25.151316143416068	-0.126146564933741	0	49.10840245269954
2019-11-21	25.6200008392334	25.10000038146973	25.10000038146973	25.15999984741211	7763	25.15999984741211	ULUSE.IS	25.052135632268286	25.15210557105227	-0.09996993878398541	0	49.687117875857695
2019-11-22	25.399999618530273	24.79999923706055	25.13999938964844	25.13999938964844	5885	25.13999938964844	ULUSE.IS	25.06970838374432	25.15100500910622	-0.08129662536190096	0	49.384714305194294
2019-11-25	25.81999969482422	25.239999771118164	25.420000076293945	25.559999465942386	13878	25.559999465942386	ULUSE.IS	25.167766600183935	25.18818632337172	-0.02041972318778562	1	55.50842922398471
2019-11-26	25.81999969482422	25.239999771118164	25.70000076293945	25.65999984741211	8072	25.65999984741211	ULUSE.IS	25.266213249629573	25.23107846192888	0.03513478770069156	0	56.847119274612666
2019-11-27	26.0	25.29999923706055	25.81999969482422	25.479999542236328	12835	25.479999542236328	ULUSE.IS	25.308970508150928	25.2537076510516	0.05526285709932921	0	53.714210413883016
2019-11-28	25.76000022888184	25.399999618530273	25.68000030517578	25.6200008392334	9295	25.6200008392334	ULUSE.IS	25.371176574367425	25.287007031800556	0.08416954256686893	0	55.75656721641195
2019-11-29	25.78000068664551	25.520000457763672	25.76000022888184	25.68000030517578	7551	25.68000030517578	ULUSE.IS	25.4329413205291	25.322733693021515	0.1102076275075845	0	56.63960079882804
2019-12-02	25.76000022888184	25.520000457763672	25.71999931335449	25.70000076293945	19239	25.70000076293945	ULUSE.IS	25.486353209011174	25.357030699382083	0.1293225096290911	0	56.94806044833375
2019-12-03	25.70000076293945	25.28000068664551	25.70000076293945	25.479999542236328	14081	25.479999542236328	ULUSE.IS	25.48508247565621	25.368209685097405	0.11687279055880495	0	52.52201088970593
2019-12-04	25.5	23.71999931335449	25.479999542236328	25.31999969482422	16278	25.31999969482422	ULUSE.IS	25.452065919489815	25.363826958708472	0.08823896078134297	0	49.508346292015474
2019-12-05	25.420000076293945	25.0	25.420000076293945	25.18000030517578	7871	25.18000030517578	ULUSE.IS	25.39765279662701	25.34711544474935	0.05053735187766151	0	46.96881021309609
2019-12-06	25.6200008392334	25.0	25.239999771118164	25.26000022888184	33535	25.26000022888184	ULUSE.IS	25.37012228307798	25.33919587966979	0.030926403408187753	0	48.59158515842968
2019-12-09	25.739999771118164	25.28000068664551	25.57999992370605	25.399999618530273	24674	25.399999618530273	ULUSE.IS	25.37609775016844	25.344723492293912	0.03137425787452841	0	51.39464454712266
2019-12-10	25.440000534057614	24.979999542236328	25.399999618530273	25.29999923706055	11074	25.29999923706055	ULUSE.IS	25.360878047546866	25.340657650908767	0.020220396638098492	0	49.32577913844909
2019-12-11	25.399999618530273	24.81999969482422	25.399999618530273	25.059999465942386	4011	25.059999465942386	ULUSE.IS	25.300702331225974	25.315143270455604	-0.014440939229629635	0	44.67745260552312
2019-12-12	25.420000076293945	25.040000915527344	25.34000015258789	25.21999931335449	15171	25.21999931335449	ULUSE.IS	25.28456172765168	25.306493819809532	-0.021932092157850747	0	48.183245879520925
2019-12-13	25.31999969482422	25.07999992370605	25.28000068664551	25.31999969482422	22200	25.31999969482422	ULUSE.IS	25.291649321086194	25.307721626629114	-0.016072305542920162	0	50.30297935767909
2019-12-16	25.479999542236328	24.84000015258789	25.399999618530273	25.3799991607666	18360	25.3799991607666	ULUSE.IS	25.30931928902228	25.314292311551032	-0.004973022528751869	0	51.58277710482623
2019-12-17	25.36000061035156	25.10000038146973	25.36000061035156	25.18000030517578	9780	25.18000030517578	ULUSE.IS	25.283455492252983	25.302083947334552	-0.018628455081568518	0	47.21780390614809
2019-12-18	25.26000022888184	24.979999542236328	25.20000076293945	25.13999938964844	6608	25.13999938964844	ULUSE.IS	25.25476427173208	25.287348987544306	-0.032584715812227216	0	46.37259251398624
2019-12-19	25.18000030517578	24.979999542236328	25.1200008392334	25.020000457763672	18359	25.020000457763672	ULUSE.IS	25.207811508938402	25.26304457574517	-0.05523306680676754	0	43.83747982428899
2019-12-20	25.1200008392334	24.979999542236328	25.10000038146973	25.07999992370605	7658	25.07999992370605	ULUSE.IS	25.182249191891938	25.24640415283196	-0.06415496094002293	0	45.4434500134637
2019-12-23	25.15999984741211	24.899999618530273	25.15999984741211	25.10000038146973	22704	25.10000038146973	ULUSE.IS	25.1657994298075	25.23309471907135	-0.06729528926384987	0	45.997794362229996
2019-12-24	25.57999992370605	25.0	25.15999984741211	25.31999969482422	16653	25.31999969482422	ULUSE.IS	25.19663948281085	25.240995171412738	-0.04435568860188965	0	51.79943622957733
2019-12-25	25.520000457763672	23.1200008392334	25.36000061035156	25.5	29212	25.5	ULUSE.IS	25.257311586248683	25.264541064921268	-0.0072294786725848326	1	55.96763156988725
2019-12-26	27.5	25.20000076293945	25.399999618530273	26.76000022888184	96775	26.76000022888184	ULUSE.IS	25.557849314775318	25.400491898011722	0.15735741676359538	0	73.34433849861492
2019-12-27	27.10000038146973	26.1200008392334	26.959999084472656	26.420000076293945	25654	26.420000076293945	ULUSE.IS	25.730279467079047	25.493174459675682	0.2371050074033647	0	65.79854537494741
2019-12-30	26.79999923706055	26.1200008392334	26.36000061035156	26.5	10800	26.5	ULUSE.IS	25.884223573663245	25.58470405425236	0.29951951941088595	0	66.66750825108932
2019-12-31	26.79999923706055	26.020000457763672	26.479999542236328	26.57999992370605	20539	26.57999992370605	ULUSE.IS	26.023378843671807	25.67518549693153	0.3481933467402776	0	67.55524824202863
2020-01-02	26.60000038146973	26.059999465942386	26.13999938964844	26.31999969482422	25171	26.31999969482422	ULUSE.IS	26.082703013902293	25.733804969468153	0.3488980444341401	0	61.79501235682782
2020-01-03	26.29999923706055	25.059999465942386	26.29999923706055	25.6200008392334	26211	25.6200008392334	ULUSE.IS	25.99016257896852	25.723459139446664	0.26670343952185505	0	49.54606822881858
2020-01-06	25.68000030517578	25.040000915527344	25.29999923706055	25.15999984741211	6528	25.15999984741211	ULUSE.IS	25.824130032657237	25.672235567442854	0.151894465214383	0	43.45084545849795
2020-01-07	25.979999542236328	25.0	25.26000022888184	25.420000076293945	11489	25.420000076293945	ULUSE.IS	25.743304041384583	25.649305068247227	0.0939989731373565	0	47.390382400114426
2020-01-08	25.479999542236328	24.040000915527344	25.18000030517578	25.420000076293945	10291	25.420000076293945	ULUSE.IS	25.67864324836646	25.628459159887615	0.05018408847884359	0	47.390382400114426
2020-01-09	25.959999084472656	25.26000022888184	25.36000061035156	25.71999931335449	34933	25.71999931335449	ULUSE.IS	25.686914461364065	25.63678099202105	0.05013346934301666	0	51.87670220487461
2020-01-10	25.979999542236328	25.440000534057614	25.6200008392334	25.63999938964844	4539	25.63999938964844	ULUSE.IS	25.677531447020947	25.637073573623542	0.04045787339740414	0	50.63663833093668
2020-01-13	26.5	25.520000457763672	25.65999984741211	26.10000038146973	15446	26.10000038146973	ULUSE.IS	25.762025233910705	25.679157828882623	0.08286740502808243	0	57.0013711950577
2020-01-14	26.20000076293945	25.739999771118164	26.15999984741211	25.920000076293945	7908	25.920000076293945	ULUSE.IS	25.793620202387356	25.70105257864745	0.09256762373990668	0	54.063846342447754
2020-01-15	26.21999931335449	25.81999969482422	25.84000015258789	26.059999465942386	21884	26.059999465942386	ULUSE.IS	25.846896055098366	25.7336841138563	0.11321194124206713	0	55.9646417113047
2020-01-16	26.15999984741211	25.21999931335449	26.07999992370605	25.31999969482422	7984	25.31999969482422	ULUSE.IS	25.741516783043537	25.69607643939861	0.045440343644926884	0	45.295570820126976
2020-01-17	26.059999465942386	25.36000061035156	25.899999618530273	25.6200008392334	23107	25.6200008392334	ULUSE.IS	25.717213594281514	25.68916047574719	0.028053118534323573	0	49.49886709905131
2020-01-20	26.399999618530273	25.559999465942386	25.559999465942386	25.920000076293945	7017	25.920000076293945	ULUSE.IS	25.757770890684	25.71014589397882	0.04762499670518139	0	53.35830255468198
2020-01-21	26.399999618530273	25.81999969482422	25.940000534057614	26.21999931335449	5624	26.21999931335449	ULUSE.IS	25.850216575218102	25.756496204831365	0.09372037038673753	0	56.905076118635385
2020-01-22	26.8799991607666	25.899999618530273	26.399999618530273	26.5	21444	26.5	ULUSE.IS	25.98017326017449	25.824087458937882	0.15608580123660687	0	59.96507824885399
2020-01-23	31.76000022888184	26.520000457763672	26.520000457763672	31.76000022888184	167088	31.76000022888184	ULUSE.IS	27.136138653915964	26.363715892571182	0.7724227613447816	0	83.56870534194643
2020-01-24	38.099998474121094	32.400001525878906	38.099998474121094	33.799999237060554	668156	33.799999237060554	ULUSE.IS	28.468910770544884	27.03974165116344	1.429169119381445	0	86.81536490447189
2020-01-27	36.52000045776367	33.0	36.52000045776367	33.380001068115234	128894	33.380001068115234	ULUSE.IS	29.451128830058956	27.616128870888122	1.8349999591708333	0	83.17166591164755
2020-01-28	33.900001525878906	31.559999465942386	33.09999847412109	31.70000076293945	77612	31.70000076293945	ULUSE.IS	29.900903216635054	27.987389951984746	1.9135132646503088	0	70.43685499622835
2020-01-29	37.97999954223633	31.60000038146973	31.739999771118164	36.099998474121094	406138	36.099998474121094	ULUSE.IS	31.140722268132265	28.724899817635404	2.4158224504968615	0	79.35335428870337
2020-01-30	36.29999923706055	32.18000030517578	36.0	33.68000030517578	101826	33.68000030517578	ULUSE.IS	31.64857787554097	29.175363498321946	2.4732143772190227	0	67.32591248244495
2020-01-31	34.68000030517578	32.0	33.740001678466804	32.47999954223633	67530	32.47999954223633	ULUSE.IS	31.814862208880044	29.475784956860252	2.3390772520197913	0	62.28464075187863
2020-02-03	34.97999954223633	31.28000068664551	31.65999984741211	32.59999847412109	122192	32.59999847412109	ULUSE.IS	31.971889461928253	29.75980436752088	2.2120850944073744	0	62.586336118724326
2020-02-04	34.0	32.639999389648445	33.259998321533196	33.279998779296875	47969	33.279998779296875	ULUSE.IS	32.23351132540198	30.079822041319257	2.15368928408272	0	64.32773204471853
2020-02-05	34.52000045776367	33.34000015258789	33.400001525878906	34.240001678466804	71440	34.240001678466804	ULUSE.IS	32.634809396014944	30.45802019015146	2.1767892058634857	0	66.68523455620974
2020-02-06	38.5	33.900001525878906	34.220001220703125	35.11999893188477	285556	35.11999893188477	ULUSE.IS	33.131847303188906	30.88183643940056	2.250010863788347	0	68.72558202703517
2020-02-07	34.880001068115234	33.419998168945305	34.880001068115234	33.919998168945305	23461	33.919998168945305	ULUSE.IS	33.28947747634019	31.158032960268624	2.1314445160715643	0	63.05447100460913
2020-02-10	34.380001068115234	33.0	34.220001220703125	33.919998168945305	18056	33.919998168945305	ULUSE.IS	33.41558161486121	31.40912070651226	2.0064609083489486	0	63.05447100460912
2020-02-11	34.0	32.900001525878906	33.400001525878906	33.360000610351555	9251	33.360000610351555	ULUSE.IS	33.40446541395928	31.5864734250433	1.8179919889159777	0	60.358815383825274
2020-02-12	34.040000915527344	33.02000045776367	33.299999237060554	33.68000030517578	6530	33.68000030517578	ULUSE.IS	33.45957239220258	31.77679405051008	1.6827783416925008	0	61.3749829300023
2020-02-13	33.959999084472656	32.5	33.700000762939446	33.639999389648445	16441	33.639999389648445	ULUSE.IS	33.495657791691755	31.946176354068264	1.5494814376234913	0	61.163916563356466
2020-02-14	34.380001068115234	33.02000045776367	33.540000915527344	33.02000045776367	31894	33.02000045776367	ULUSE.IS	33.40052632490614	32.043796727131564	1.3567295977745744	0	57.84353373102115
