Date	High	Low	Open	Close	Volume	Adj Close	stock_name	ema_9	ema_21	MACD_9_21	sign
2019-01-01	24.15999984741211	24.15999984741211	24.15999984741211	24.15999984741211	0.0	23.96758460998535	ASELS.IS				0
2019-01-02	24.10000038146973	23.5	24.10000038146973	23.540000915527344	6744659.0	23.352523803710934	ASELS.IS				0
2019-01-03	23.6200008392334	22.57999992370605	23.399999618530273	22.68000030517578	11245719.0	22.499372482299805	ASELS.IS				0
2019-01-04	23.020000457763672	22.63999938964844	22.81999969482422	22.959999084472656	9167749.0	22.777141571044922	ASELS.IS				0
2019-01-07	23.21999931335449	22.8799991607666	23.1200008392334	22.920000076293945	7449635.0	22.737459182739254	ASELS.IS				0
2019-01-08	23.040000915527344	22.63999938964844	23.0	22.940000534057614	7544088.0	22.75730133056641	ASELS.IS				0
2019-01-09	23.239999771118164	22.8799991607666	23.0	22.940000534057614	11249883.0	22.75730133056641	ASELS.IS				0
2019-01-10	23.68000030517578	22.920000076293945	22.940000534057614	23.540000915527344	16946173.0	23.352523803710934	ASELS.IS				0
2019-01-11	23.739999771118164	23.18000030517578	23.65999984741211	23.21999931335449	12088529.0	23.03507232666016	ASELS.IS	22.991214048257024			0
2019-01-14	23.479999542236328	22.84000015258789	23.0	23.1200008392334	10160026.0	22.935869216918945	ASELS.IS	22.978813593274246			0
2019-01-15	23.559999465942386	23.21999931335449	23.3799991607666	23.36000061035156	10151723.0	23.17395782470703	ASELS.IS	23.021510036070076			0
2019-01-16	23.76000022888184	23.34000015258789	23.399999618530273	23.68000030517578	15662164.0	23.49140739440918	ASELS.IS	23.12242428190702			0
2019-01-17	23.979999542236328	23.540000915527344	23.78000068664551	23.6200008392334	13477016.0	23.431886672973636	ASELS.IS	23.187917275521173			0
2019-01-18	24.21999931335449	23.65999984741211	23.68000030517578	24.15999984741211	17950951.0	23.96758460998535	ASELS.IS	23.351024263613155			0
2019-01-21	24.739999771118164	24.1200008392334	24.28000068664551	24.15999984741211	18527221.0	23.96758460998535	ASELS.IS	23.478833210428633			0
2019-01-22	24.559999465942386	24.13999938964844	24.21999931335449	24.31999969482422	12845212.0	24.126310348510746	ASELS.IS	23.61207917862453			0
2019-01-23	24.71999931335449	24.31999969482422	24.3799991607666	24.68000030517578	19270122.0	24.48344421386719	ASELS.IS	23.79036686751942			0
2019-01-24	25.31999969482422	24.86000061035156	24.899999618530273	25.1200008392334	24605747.0	24.919940948486328	ASELS.IS	24.020426061717863			0
2019-01-25	25.399999618530273	25.059999465942386	25.28000068664551	25.10000038146973	14770093.0	24.90009880065918	ASELS.IS	24.198933168025974			0
2019-01-28	25.399999618530273	25.07999992370605	25.13999938964844	25.07999992370605	15211738.0	24.880258560180664	ASELS.IS	24.33678759984642			0
2019-01-29	25.5	25.07999992370605	25.07999992370605	25.5	18304858.0	25.29691505432129	ASELS.IS	24.530600701079685	24.075334280856165	0.45526642022351993	0
2019-01-30	26.459999084472656	25.3799991607666	25.65999984741211	26.3799991607666	41459574.0	26.169902801513672	ASELS.IS	24.860898287182085	24.292417386357666	0.5684809008244187	0
2019-01-31	26.57999992370605	25.520000457763672	26.520000457763672	25.71999931335449	21945333.0	25.515159606933594	ASELS.IS	24.99252755317475	24.417550393796397	0.5749771593783528	0
2019-02-01	25.70000076293945	24.76000022888184	25.68000030517578	24.84000015258789	15298537.0	24.642169952392575	ASELS.IS	24.922123559558603	24.440277763465257	0.48184579609334577	0
2019-02-04	25.1200008392334	24.239999771118164	24.86000061035156	24.29999923706055	13541767.0	24.10647010803223	ASELS.IS	24.75837424182159	24.406845994482232	0.35152824733935617	0
2019-02-05	24.540000915527344	23.76000022888184	24.440000534057614	23.8799991607666	14382678.0	23.6898136138916	ASELS.IS	24.54401425292241	24.335690935130128	0.20832331779228141	0
2019-02-06	24.1200008392334	23.60000038146973	24.020000457763672	23.76000022888184	10942602.0	23.57077217102051	ASELS.IS	24.34889406487551	24.260410660643476	0.08848340423203283	0
2019-02-07	24.0	23.6200008392334	23.84000015258789	23.739999771118164	9749403.0	23.55093002319336	ASELS.IS	24.18899196088768	24.191106648542824	-0.0021146876551441096	0
2019-02-08	23.899999618530273	23.60000038146973	23.71999931335449	23.71999931335449	6694067.0	23.531089782714844	ASELS.IS	24.057207598830185	24.127068167298443	-0.06986056846825761	0
2019-02-11	24.5	23.86000061035156	23.8799991607666	24.479999542236328	15302071.0	24.28503799438477	ASELS.IS	24.102830155931233	24.142302095029276	-0.039471939098042697	0
2019-02-12	24.559999465942386	23.60000038146973	24.559999465942386	23.6200008392334	12769174.0	23.431886672973636	ASELS.IS	23.968508433549086	24.074169242850925	-0.1056608093018383	0
2019-02-13	23.86000061035156	23.26000022888184	23.71999931335449	23.34000015258789	11720423.0	23.154115676879886	ASELS.IS	23.8055007342103	23.98636960440765	-0.18086887019734732	0
2019-02-14	24.18000030517578	23.059999465942386	23.31999969482422	24.020000457763672	15368775.0	23.82870101928711	ASELS.IS	23.810143734076448	23.971391173918043	-0.1612474398415955	0
2019-02-15	24.540000915527344	23.940000534057614	23.959999084472656	24.399999618530273	14495891.0	24.205671310424805	ASELS.IS	23.88928938095683	23.993556994048824	-0.10426761309199506	0
2019-02-18	24.76000022888184	24.26000022888184	24.3799991607666	24.559999465942386	12228587.0	24.364398956298828	ASELS.IS	23.984349857135527	24.028513806514084	-0.04416394937855728	0
2019-02-19	24.70000076293945	24.059999465942386	24.520000457763672	24.29999923706055	12251274.0	24.10647010803223	ASELS.IS	24.008781835945296	24.035837663825752	-0.027055827880456462	1
2019-02-20	24.65999984741211	24.26000022888184	24.36000061035156	24.57999992370605	10441665.0	24.384241104125977	ASELS.IS	24.083893189603717	24.068470378115798	0.015422811487919574	0
2019-02-21	25.28000068664551	24.5	24.559999465942386	25.1200008392334	15535018.0	24.919940948486328	ASELS.IS	24.251137476659693	24.148003089758927	0.10313438690076637	0
2019-02-22	25.71999931335449	25.040000915527344	25.239999771118164	25.63999938964844	14353703.0	25.43579864501953	ASELS.IS	24.488109083993493	24.26799166582851	0.22011741816498187	0
2019-02-25	26.10000038146973	25.020000457763672	25.79999923706055	25.10000038146973	18628753.0	24.90009880065918	ASELS.IS	24.570517981347976	24.326754307151173	0.24376367419680278	0
2019-02-26	25.57999992370605	25.059999465942386	25.10000038146973	25.57999992370605	15421038.0	25.37627601623535	ASELS.IS	24.731686726726124	24.424121110267244	0.3075656164588807	0
2019-02-27	25.26000022888184	24.5	25.20000076293945	24.559999465942386	22508082.0	24.364398956298828	ASELS.IS	24.658222923031413	24.418590839295078	0.2396320837363355	0
2019-02-28	24.8799991607666	24.28000068664551	24.6200008392334	24.63999938964844	14651100.0	24.44375991821289	ASELS.IS	24.615327402749873	24.420917561541447	0.19440984120842586	0
2019-03-01	24.60000038146973	23.899999618530273	24.559999465942386	23.920000076293945	10129800.0	23.729496002197266	ASELS.IS	24.43815147626437	24.35709794582346	0.0810535304409079	0
2019-03-04	24.459999084472656	23.920000076293945	23.920000076293945	24.13999938964844	14932587.0	23.94774436950684	ASELS.IS	24.340065782678373	24.319366336390424	0.020699446287949286	0
2019-03-05	24.31999969482422	23.899999618530273	24.020000457763672	24.21999931335449	12979743.0	24.0271053314209	ASELS.IS	24.277471511334856	24.29246159792834	-0.01499008659348533	0
2019-03-06	24.399999618530273	23.79999923706055	24.29999923706055	23.8799991607666	9749075.0	23.6898136138916	ASELS.IS	24.15993665545261	24.237047117557022	-0.07711046210441097	0
2019-03-07	24.0	22.899999618530273	23.940000534057614	23.020000457763672	16610518.0	22.83666610717773	ASELS.IS	23.895276643682152	24.10841387261622	-0.2131372289340696	0
2019-03-08	23.18000030517578	22.559999465942386	23.07999992370605	22.71999931335449	9669774.0	22.53905296325684	ASELS.IS	23.624027068342958	23.964395185408694	-0.34036811706573644	0
2019-03-11	23.020000457763672	22.399999618530273	22.84000015258789	22.459999084472656	6886502.0	22.281124114990234	ASELS.IS	23.355442644307416	23.81005579462857	-0.4546131503211548	0
2019-03-12	23.10000038146973	22.280000686645508	22.440000534057614	23.0	19802085.0	22.816823959350586	ASELS.IS	23.247717677314366	23.719057286459485	-0.47133960914511874	0
2019-03-13	23.239999771118164	22.479999542236328	23.20000076293945	22.739999771118164	8832323.0	22.558895111083984	ASELS.IS	23.109951905662662	23.61284021633559	-0.5028883106729296	0
2019-03-14	23.020000457763672	22.63999938964844	22.65999984741211	22.78000068664551	7550153.0	22.59857749938965	ASELS.IS	23.007676277028065	23.520040586617384	-0.5123643095893193	0
2019-03-15	23.36000061035156	22.979999542236328	23.10000038146973	23.28000068664551	9107663.0	23.094594955444336	ASELS.IS	23.025060114337347	23.48113736099651	-0.45607724665916294	0
2019-03-18	23.60000038146973	23.29999923706055	23.36000061035156	23.520000457763672	10348919.0	23.332683563232425	ASELS.IS	23.086585091856698	23.46756979760658	-0.3809847057498814	0
2019-03-19	23.68000030517578	23.36000061035156	23.459999084472656	23.540000915527344	11990977.0	23.352523803710934	ASELS.IS	23.139773033227257	23.457060537108436	-0.3172875038811789	0
2019-03-20	23.540000915527344	22.979999542236328	23.5	23.020000457763672	8342408.0	22.83666610717773	ASELS.IS	23.079151466567588	23.40041341831705	-0.32126195174946304	0
2019-03-21	23.21999931335449	22.57999992370605	23.10000038146973	22.6200008392334	7981371.0	22.439849853515625	ASELS.IS	22.951290837791813	23.3127410507816	-0.3614502129897872	0
2019-03-22	22.979999542236328	22.13999938964844	22.899999618530273	22.21999931335449	10196260.0	22.04303741455078	ASELS.IS	22.769639805169362	23.196894930520894	-0.4272551253515324	0
2019-03-25	22.479999542236328	21.71999931335449	22.299999237060547	22.1200008392334	8638205.0	21.943832397460934	ASELS.IS	22.604478070518052	23.08260479509292	-0.47812672457486727	0
2019-03-26	22.60000038146973	21.799999237060547	22.420000076293945	21.899999618530273	8792113.0	21.725582122802734	ASELS.IS	22.428698665470066	22.95886966159224	-0.5301709961221732	0
2019-03-27	22.0	20.0	21.959999084472656	20.040000915527344	17455096.0	19.88039970397949	ASELS.IS	21.919038373298587	22.678247070042538	-0.7592086967439506	0
2019-03-28	20.84000015258789	19.790000915527344	20.1200008392334	20.63999938964844	13803477.0	20.475616455078125	ASELS.IS	21.63035376314166	22.47751260674956	-0.8471588436079003	0
2019-03-29	21.15999984741211	20.440000534057614	20.57999992370605	20.940000534057614	6186842.0	20.773231506347656	ASELS.IS	21.45892920417792	22.32222963036266	-0.8633004261847397	0
2019-04-01	21.479999542236328	20.459999084472656	21.299999237060547	20.920000076293945	8724306.0	20.753389358520508	ASELS.IS	21.317821164186476	22.179316348206186	-0.8614951840197094	0
2019-04-02	21.15999984741211	20.700000762939453	20.979999542236328	20.84000015258789	9044727.0	20.67402648925781	ASELS.IS	21.18906217747382	22.042217650361486	-0.8531554728876678	0
2019-04-03	21.13999938964844	20.780000686645508	20.86000061035156	20.799999237060547	6310453.0	20.63434410095215	ASELS.IS	21.07811852651357	21.91401307629629	-0.8358945497827186	0
2019-04-04	21.280000686645508	20.780000686645508	20.81999969482422	21.239999771118164	7184178.0	21.07084083557129	ASELS.IS	21.07666298795088	21.83724343285283	-0.7605804449019509	0
2019-04-05	21.71999931335449	21.040000915527344	21.57999992370605	21.540000915527344	9449710.0	21.368453979492188	ASELS.IS	21.13502119826273	21.79456676757541	-0.6595455693126802	0
2019-04-08	22.07999992370605	21.299999237060547	21.84000015258789	21.3799991607666	6796778.0	21.20972442626953	ASELS.IS	21.149961846322583	21.741331874470347	-0.5913700281477645	0
2019-04-09	21.65999984741211	21.299999237060547	21.600000381469727	21.420000076293945	5469396.0	21.249406814575195	ASELS.IS	21.1698508425913	21.69655987668563	-0.5267090340943312	0
2019-04-10	21.600000381469727	21.1200008392334	21.559999465942386	21.239999771118164	5792816.0	21.07084083557129	ASELS.IS	21.1500488391019	21.639616738222948	-0.4895678991210488	0
2019-04-11	21.459999084472656	20.959999084472656	21.200000762939453	21.34000015258789	7827257.0	21.1700439453125	ASELS.IS	21.154047860680937	21.596887652781717	-0.4428397921007807	0
2019-04-12	21.1200008392334	20.71999931335449	21.07999992370605	20.959999084472656	4735025.0	20.79307174682617	ASELS.IS	21.081852633044033	21.523750226535878	-0.441897593491845	0
2019-04-15	21.280000686645508	20.86000061035156	20.899999618530273	20.940000534057614	4928136.0	20.773231506347656	ASELS.IS	21.020128404376592	21.455467566220655	-0.4353391618440625	0
2019-04-16	21.3799991607666	21.0	21.1200008392334	21.200000762939453	7651905.0	21.031160354614254	ASELS.IS	21.022334794519303	21.41686659318981	-0.39453179867050636	0
2019-04-17	21.540000915527344	21.299999237060547	21.399999618530273	21.420000076293945	6757306.0	21.249406814575195	ASELS.IS	21.067749200097676	21.401633078589587	-0.3338838784919105	0
2019-04-18	21.420000076293945	21.1200008392334	21.34000015258789	21.200000762939453	4465103.0	21.031160354614254	ASELS.IS	21.06043143079897	21.367933833738036	-0.3075024029390647	0
2019-04-19	21.280000686645508	21.13999938964844	21.26000022888184	21.200000762939453	1457440.0	21.031160354614254	ASELS.IS	21.054577215432733	21.337301613270355	-0.2827243978376224	0
2019-04-22	21.21999931335449	21.0	21.100000381469727	21.059999465942386	1976310.0	20.892274856567386	ASELS.IS	21.022116743086137	21.296824875217492	-0.27470813213135514	0
2019-04-23	21.059999465942386	21.059999465942386	21.059999465942386	21.059999465942386	0.0	20.892274856567386	ASELS.IS	20.996148365415326	21.260031271597793	-0.26388290618246657	0
2019-04-24	21.440000534057614	20.979999542236328	21.0	21.399999618530273	7136070.0	21.22956657409668	ASELS.IS	21.042832007679486	21.257260635804148	-0.21442862812466146	0
2019-04-25	21.479999542236328	20.86000061035156	21.440000534057614	20.979999542236328	5896747.0	20.81291007995605	ASELS.IS	20.996847621718814	21.21685030897667	-0.22000268725785688	0
2019-04-26	21.3799991607666	20.920000076293945	21.100000381469727	21.31999969482422	6354619.0	21.15020179748535	ASELS.IS	21.02751845709409	21.210789332429655	-0.18327087533556607	0
2019-04-29	21.34000015258789	20.63999938964844	21.299999237060547	20.739999771118164	8567305.0	20.5748233795166	ASELS.IS	20.936979441054408	21.1529567152889	-0.21597727423449342	0
2019-04-30	20.86000061035156	20.459999084472656	20.84000015258789	20.5	7633358.0	20.33673477172852	ASELS.IS	20.816930506633202	21.07873426707441	-0.26180376044120734	0
2019-05-01	20.5	20.5	20.5	20.5	0.0	20.33673477172852	ASELS.IS	20.72089135929641	21.01126286479579	-0.2903715054993796	0
2019-05-02	20.979999542236328	20.059999465942386	20.8799991607666	20.1200008392334	9129636.0	19.959760665893555	ASELS.IS	20.5686652201646	20.91564998070636	-0.3469847605417584	0
2019-05-03	20.479999542236328	20.0	20.1200008392334	20.31999969482422	6437280.0	20.158166885375977	ASELS.IS	20.48656555301218	20.846773621075695	-0.360208068063514	0
2019-05-06	20.18000030517578	19.6299991607666	20.0	20.0	7616361.0	19.840717315673828	ASELS.IS	20.35739590529946	20.75529673946429	-0.3979008341648296	0
2019-05-07	20.420000076293945	19.520000457763672	19.600000381469727	20.299999237060547	8578002.0	20.138324737548828	ASELS.IS	20.313581671682837	20.699198776946716	-0.38561710526387927	0
2019-05-08	20.239999771118164	19.440000534057614	20.239999771118164	19.51000022888184	13545354.0	19.354618072509766	ASELS.IS	20.121788951615358	20.576945150771724	-0.4551561991563666	0
2019-05-09	19.65999984741211	18.780000686645508	19.5	18.799999237060547	13639848.0	18.650270462036133	ASELS.IS	19.827485253413645	20.401768134550338	-0.5742828811366927	0
2019-05-10	19.100000381469727	18.40999984741211	19.0	18.51000022888184	10483965.0	18.36258316040039	ASELS.IS	19.534504834583327	20.216363847782407	-0.6818590131990803	0
2019-05-13	18.56999969482422	17.649999618530273	18.520000457763672	17.729999542236328	13709384.0	17.58879280090332	ASELS.IS	19.145362427605413	19.977465833123528	-0.8321034055181151	0
2019-05-14	18.239999771118164	17.559999465942386	17.75	18.229999542236328	12082230.0	18.08481216430664	ASELS.IS	18.93325237484017	19.805388126553893	-0.8721357517137243	0
2019-05-15	18.21999931335449	17.549999237060547	18.190000534057614	17.799999237060547	8608465.0	17.658235549926758	ASELS.IS	18.678249009756033	19.61017358297919	-0.9319245732231565	0
2019-05-16	18.07999992370605	17.6200008392334	17.799999237060547	17.700000762939453	8337674.0	17.55903434753418	ASELS.IS	18.454406077240414	19.42369000565662	-0.9692839284162069	0
2019-05-17	18.979999542236328	17.479999542236328	17.649999618530273	18.959999084472656	24497878.0	18.80899810791016	ASELS.IS	18.52532448339242	19.367804463131463	-0.8424799797390428	0
2019-05-20	19.13999938964844	17.729999542236328	18.8700008392334	17.790000915527344	21906909.0	17.648319244384766	ASELS.IS	18.34992343555516	19.21147628099713	-0.8615528454419703	0
2019-05-21	18.15999984741211	17.5	17.84000015258789	17.639999389648438	13906178.0	17.499513626098633	ASELS.IS	18.179841473636138	19.05583304476739	-0.8759915711312516	0
2019-05-22	17.600000381469727	16.569999694824222	17.569999694824222	16.600000381469727	16706536.0	16.46779441833496	ASELS.IS	17.837432062531263	18.82054269524654	-0.9831106327152774	0
2019-05-23	16.90999984741211	16.459999084472653	16.510000228881836	16.729999542236328	16428753.0	16.596757888793945	ASELS.IS	17.58929722775792	18.618369417688776	-1.0290721899308544	0
2019-05-24	17.34000015258789	16.790000915527347	16.819999694824222	17.180000305175778	14477932.0	17.043176651000973	ASELS.IS	17.480073112397417	18.47516297747021	-0.9950898650727922	0
2019-05-27	17.430000305175778	16.940000534057614	17.25	17.010000228881836	7594419.0	16.874530792236328	ASELS.IS	17.358964648357116	18.329644403913036	-0.9706797555559206	0
2019-05-28	17.469999313354492	17.110000610351562	17.129999160766598	17.309999465942386	13833145.0	17.17214012145996	ASELS.IS	17.32159974297569	18.224412431417157	-0.9028126884414682	0
2019-05-29	17.639999389648438	17.25	17.370000839233402	17.370000839233402	11514616.0	17.23166275024414	ASELS.IS	17.30361234442861	18.134159099576177	-0.8305467551475658	0
2019-05-30	18.1200008392334	17.549999237060547	17.549999237060547	18.020000457763672	14257912.0	17.87648582458496	ASELS.IS	17.4181870404638	18.110733463380164	-0.6925464229163651	0
2019-05-31	18.299999237060547	17.799999237060547	18.190000534057614	18.229999542236328	8470537.0	18.08481216430664	ASELS.IS	17.551512065236015	18.108376909123375	-0.5568648438873609	0
2019-06-03	18.3700008392334	18.07999992370605	18.270000457763672	18.13999938964844	2661507.0	17.995529174804688	ASELS.IS	17.640315487151693	18.098117737162152	-0.4578022500104595	0
2019-06-04	18.13999938964844	18.13999938964844	18.13999938964844	18.13999938964844	0.0	17.995529174804688	ASELS.IS	17.711358224683533	18.088791267012606	-0.3774330423290735	0
2019-06-05	18.13999938964844	18.13999938964844	18.13999938964844	18.13999938964844	0.0	17.995529174804688	ASELS.IS	17.768192414708558	18.080312698955023	-0.31212028424646476	0
2019-06-06	18.13999938964844	18.13999938964844	18.13999938964844	18.13999938964844	0.0	17.995529174804688	ASELS.IS	17.813659766728293	18.072604943835724	-0.2589451771074316	0
2019-06-07	18.75	18.18000030517578	18.190000534057614	18.6299991607666	8489518.0	18.48162651062012	ASELS.IS	17.947253115507856	18.109789433186055	-0.16253631767819954	0
2019-06-10	19.100000381469727	18.440000534057614	18.649999618530273	19.100000381469727	11452621.0	18.94788360595703	ASELS.IS	18.147379213599127	18.185981136104882	-0.038601922505755226	0
2019-06-11	19.11000061035156	18.299999237060547	19.09000015258789	18.43000030517578	11248579.0	18.28322029113769	ASELS.IS	18.174547429106997	18.194821198895614	-0.02027376978861639	1
2019-06-12	18.739999771118164	18.399999618530273	18.440000534057614	18.63999938964844	8596513.0	18.49154663085937	ASELS.IS	18.237947269457766	18.221796625444235	0.016150644013531945	0
2019-06-13	18.3799991607666	17.850000381469727	18.34000015258789	17.920000076293945	6687921.0	17.77728271484375	ASELS.IS	18.145814358534626	18.181385742509153	-0.03557138397452775	0
2019-06-14	18.1200008392334	17.5	18.020000457763672	17.6299991607666	9947641.0	17.48958969116211	ASELS.IS	18.014569425059737	18.118494446176783	-0.10392502111704616	0
2019-06-17	18.239999771118164	17.569999694824222	17.6299991607666	18.09000015258789	14978539.0	17.9459285736084	ASELS.IS	18.000841254769437	18.10280647036238	-0.10196521559294425	0
2019-06-18	18.51000022888184	17.90999984741211	18.040000915527344	18.350000381469727	11278132.0	18.203857421875	ASELS.IS	18.041444488190624	18.111993010581696	-0.07054852239107134	0
2019-06-19	18.3799991607666	17.770000457763672	18.239999771118164	17.90999984741211	13124571.0	17.81675910949707	ASELS.IS	17.996507412451844	18.0851533257687	-0.08864591331685645	0
2019-06-20	18.40999984741211	17.899999618530273	18.049999237060547	18.0	13950380.0	17.90629005432129	ASELS.IS	17.978463940825712	18.068892896589784	-0.09042895576407162	0
2019-06-21	18.3799991607666	17.739999771118164	18.07999992370605	17.899999618530273	12974742.0	17.80681037902832	ASELS.IS	17.944133228466203	18.045067037643385	-0.10093380917718164	0
2019-06-24	18.34000015258789	17.93000030517578	18.299999237060547	18.07999992370605	10280046.0	17.98587417602539	ASELS.IS	17.95248141797805	18.03968583236463	-0.08720441438658	0
2019-06-25	18.209999084472656	17.950000762939453	18.040000915527344	18.0	9288415.0	17.90629005432129	ASELS.IS	17.94324314524669	18.027558869614655	-0.08431572436796486	0
2019-06-26	18.1299991607666	17.709999084472656	18.020000457763672	17.739999771118164	6464290.0	17.64764404296875	ASELS.IS	17.884123324791073	17.993020966929098	-0.10889764213802522	0
2019-06-27	18.100000381469727	17.790000915527344	17.790000915527344	18.0	7359861.0	17.90629005432129	ASELS.IS	17.888556670697113	17.985136298834952	-0.09657962813783882	0
2019-06-28	18.09000015258789	17.8700008392334	18.049999237060547	18.0	5938915.0	17.90629005432129	ASELS.IS	17.892103347421948	17.977968425635183	-0.08586507821323508	1
2019-07-01	19.309999465942386	18.809999465942386	19.1200008392334	18.850000381469727	18808146.0	18.751867294311523	ASELS.IS	18.06405613679991	18.048323160821873	0.015732975978036023	0
2019-07-02	18.950000762939453	18.46999931335449	18.86000061035156	18.84000015258789	11520332.0	18.741918563842773	ASELS.IS	18.19962862220851	18.1113775267512	0.0882510954573128	0
2019-07-03	18.93000030517578	18.350000381469727	18.93000030517578	18.40999984741211	7916395.0	18.31415557861328	ASELS.IS	18.22253401348947	18.1298119584594	0.09272205503006958	0
2019-07-04	18.549999237060547	18.07999992370605	18.5	18.239999771118164	9370396.0	18.14504051208496	ASELS.IS	18.207035313208568	18.131196376750896	0.07583893645767148	0
2019-07-05	18.3700008392334	18.059999465942386	18.239999771118164	18.06999969482422	9358384.0	17.97592544555664	ASELS.IS	18.160813339678175	18.117080797457465	0.04373254222070955	0
2019-07-08	18.040000915527344	17.780000686645508	17.940000534057614	17.81999969482422	6262878.0	17.72722816467285	ASELS.IS	18.074096304677102	18.08163955750663	-0.007543252829528058	0
2019-07-09	17.950000762939453	16.940000534057614	17.93000030517578	17.059999465942386	9190552.0	16.971185684204098	ASELS.IS	17.853514180582486	17.980688968412593	-0.12717478783010705	0
2019-07-10	17.25	16.760000228881836	17.09000015258789	17.129999160766598	9765296.0	17.040821075439453	ASELS.IS	17.69097555955387	17.89524625034976	-0.20427069079589089	0
2019-07-11	17.40999984741211	17.129999160766598	17.260000228881836	17.290000915527347	8265325.0	17.199987411499027	ASELS.IS	17.592777929942898	17.832040778742538	-0.23926284879964044	0
2019-07-12	17.350000381469727	16.579999923706055	17.34000015258789	16.700000762939453	8076720.0	16.613059997558597	ASELS.IS	17.39683434346603	17.721224148645742	-0.32438980517971316	0
2019-07-15	16.700000762939453	16.700000762939453	16.700000762939453	16.700000762939453	0.0	16.613059997558597	ASELS.IS	17.24007947428454	17.62048179156869	-0.3804023172841511	0
2019-07-16	17.020000457763672	16.680000305175778	16.790000915527347	16.979999542236328	6247542.0	16.891599655151367	ASELS.IS	17.170383510457903	17.554219682585014	-0.3838361721271113	0
2019-07-17	18.049999237060547	17.110000610351562	17.139999389648438	17.979999542236328	18170073.0	17.886394500732422	ASELS.IS	17.31358570851281	17.58441743333981	-0.2708317248269978	0
2019-07-18	18.440000534057614	17.540000915527347	17.850000381469727	18.34000015258789	23195882.0	18.24452209472656	ASELS.IS	17.499772985755563	17.644427020299407	-0.1446540345438443	0
2019-07-19	18.780000686645508	18.11000061035156	18.68000030517578	18.25	14767200.0	18.15498924255371	ASELS.IS	17.63081623711519	17.690841818605865	-0.06002558149067383	0
2019-07-22	18.399999618530273	18.010000228881836	18.190000534057614	18.059999465942386	8744948.0	17.965978622436523	ASELS.IS	17.697848714179457	17.71585428021876	-0.018005566039303034	1
2019-07-23	18.36000061035156	18.010000228881836	18.040000915527344	18.26000022888184	12792144.0	18.16493797302246	ASELS.IS	17.79126656594806	17.756680107422667	0.03458645852539277	0
2019-07-24	18.61000061035156	18.07999992370605	18.32999992370605	18.479999542236328	12637989.0	18.383790969848636	ASELS.IS	17.909771446728175	17.813690232730906	0.09608121399726954	0
2019-07-25	18.65999984741211	18.09000015258789	18.559999465942386	18.15999984741211	10101224.0	18.06545829772949	ASELS.IS	17.940908816928438	17.83657825575936	0.10433056116907835	0
2019-07-26	18.96999931335449	18.209999084472656	18.25	18.8700008392334	26906633.0	18.77176284790039	ASELS.IS	18.10707962312283	17.92159509467201	0.18548452845081798	0
2019-07-29	19.81999969482422	18.899999618530273	18.979999542236328	19.809999465942386	27971769.0	19.706867218017575	ASELS.IS	18.427037142101778	18.083892660755716	0.34314448134606224	0
2019-07-30	19.899999618530273	19.149999618530273	19.8700008392334	19.309999465942386	20466407.0	19.209470748901367	ASELS.IS	18.583523863461696	18.186217998998863	0.3973058644628331	0
2019-07-31	19.479999542236328	18.940000534057614	19.399999618530273	18.959999084472656	12654033.0	18.861291885375977	ASELS.IS	18.639077467844555	18.247588383658268	0.39148908418628636	0
2019-08-01	19.729999542236328	18.76000022888184	18.809999465942386	19.520000457763672	22152452.0	19.41837882995605	ASELS.IS	18.794937740266857	18.354023928207983	0.4409138120588736	0
2019-08-02	19.850000381469727	18.899999618530273	19.56999969482422	18.90999984741211	16559492.0	18.811553955078125	ASELS.IS	18.79826098322911	18.395617584575536	0.40264339865357357	0
2019-08-05	19.200000762939453	18.420000076293945	18.90999984741211	18.6200008392334	13964243.0	18.52306365966797	ASELS.IS	18.74322151851688	18.40720359584913	0.3360179226677502	0
2019-08-06	18.920000076293945	18.420000076293945	18.670000076293945	18.61000061035156	12378552.0	18.51311683654785	ASELS.IS	18.697200582123074	18.416832075635973	0.28036850648710043	0
2019-08-07	18.5	17.280000686645508	18.5	17.5	28078673.0	17.408893585205078	ASELS.IS	18.439539182739477	18.32520127471231	0.11433790802716715	0
2019-08-08	17.729999542236328	17.129999160766598	17.649999618530273	17.25	15272958.0	17.16019630432129	ASELS.IS	18.18367060705584	18.219291701407947	-0.03562109435210559	0
2019-08-09	17.430000305175778	17.09000015258789	17.25	17.229999542236328	13769729.0	17.140300750732422	ASELS.IS	17.974996635791157	18.121201589267795	-0.1462049534766372	0
2019-08-12	17.229999542236328	17.229999542236328	17.229999542236328	17.229999542236328	0.0	17.140300750732422	ASELS.IS	17.808057458779412	18.03202876451243	-0.22397130573301638	0
2019-08-13	17.229999542236328	17.229999542236328	17.229999542236328	17.229999542236328	0.0	17.140300750732422	ASELS.IS	17.674506117170015	17.95096256387776	-0.27645644670774416	0
2019-08-14	17.229999542236328	17.229999542236328	17.229999542236328	17.229999542236328	0.0	17.140300750732422	ASELS.IS	17.567665043882496	17.8772660208945	-0.3096009770120034	0
2019-08-15	17.360000610351562	16.940000534057614	17.149999618530273	17.129999160766598	11418132.0	17.040821075439453	ASELS.IS	17.462296250193887	17.801225557692067	-0.33892930749818007	0
2019-08-16	17.260000228881836	16.879999160766598	17.170000076293945	16.920000076293945	7579614.0	16.831912994384766	ASELS.IS	17.336219599032063	17.71310621941102	-0.3768866203789578	0
2019-08-19	17.34000015258789	16.90999984741211	17.049999237060547	17.09000015258789	10382920.0	17.001028060913086	ASELS.IS	17.26918129140827	17.64837183178627	-0.3791905403780014	0
2019-08-20	17.68000030517578	17.110000610351562	17.120000839233402	17.6200008392334	15425959.0	17.528270721435547	ASELS.IS	17.320999177413725	17.637453547558295	-0.31645437014456945	0
2019-08-21	19.15999984741211	17.860000610351562	17.860000610351562	18.040000915527344	45431276.0	17.946083068847656	ASELS.IS	17.446015955700513	17.665510780197778	-0.21949482449726432	0
2019-08-22	18.36000061035156	17.360000610351562	18.049999237060547	17.540000915527347	21578871.0	17.448688507080078	ASELS.IS	17.446550465976426	17.645799662268313	-0.19924919629188764	0
2019-08-23	17.790000915527344	17.469999313354492	17.559999465942386	17.639999389648438	13338877.0	17.548166275024414	ASELS.IS	17.466873627786025	17.636923898894494	-0.17005027110846882	0
2019-08-26	18.040000915527344	17.399999618530273	17.399999618530273	17.90999984741211	12528085.0	17.81675910949707	ASELS.IS	17.536850724128236	17.65327255590601	-0.11642183177777454	0
2019-08-27	18.350000381469727	17.670000076293945	17.979999542236328	18.1299991607666	25265195.0	18.035614013671875	ASELS.IS	17.636603382036963	17.68803087315178	-0.05142749111481848	0
2019-08-28	18.270000457763672	17.670000076293945	18.239999771118164	17.809999465942386	16385153.0	17.7172794342041	ASELS.IS	17.652738592470392	17.690689833449362	-0.037951240978969736	1
2019-08-29	18.350000381469727	17.81999969482422	17.829999923706055	18.239999771118164	21315449.0	18.14504051208496	ASELS.IS	17.751198976393308	17.73199444344949	0.0192045329438173	0
2019-08-30	18.239999771118164	18.239999771118164	18.239999771118164	18.239999771118164	0.0	18.14504051208496	ASELS.IS	17.82996728353164	17.769544088409276	0.060423195122364604	0
2019-09-02	18.920000076293945	18.26000022888184	18.270000457763672	18.850000381469727	23760392.0	18.751867294311523	ASELS.IS	18.014347285687617	17.858846203131726	0.15550108255589024	0
2019-09-03	19.030000686645508	18.520000457763672	18.799999237060547	18.739999771118164	31088563.0	18.642438888549805	ASELS.IS	18.139965606260056	17.93008190550085	0.2098837007592067	0
2019-09-04	19.200000762939453	18.75	18.82999992370605	19.200000762939453	27232738.0	19.10004425048828	ASELS.IS	18.331981335105702	18.03644212369656	0.2955392114091424	0
2019-09-05	19.350000381469727	19.049999237060547	19.309999465942386	19.149999618530273	19905124.0	19.0503044128418	ASELS.IS	18.475645950652922	18.128611426660594	0.3470345239923276	0
2019-09-06	19.34000015258789	19.020000457763672	19.13999938964844	19.25	23609984.0	19.149784088134766	ASELS.IS	18.610473578149293	18.22144530859399	0.389028269555304	0
2019-09-09	19.6200008392334	19.309999465942386	19.34000015258789	19.34000015258789	25985148.0	19.239315032958984	ASELS.IS	18.736241869111232	18.313978923177952	0.42226294593328006	0
2019-09-10	20.100000381469727	19.32999992370605	19.34000015258789	19.979999542236328	43215675.0	19.8759822845459	ASELS.IS	18.964189952198165	18.455979233329984	0.508210718868181	0
2019-09-11	20.520000457763672	19.86000061035156	20.0	20.280000686645508	25019696.0	20.17442321777344	ASELS.IS	19.206236605313222	18.612201418307702	0.5940351870055203	0
2019-09-12	20.440000534057614	19.700000762939453	20.34000015258789	19.850000381469727	19064371.0	19.746660232543945	ASELS.IS	19.31432133075937	18.715334040528674	0.5989872902306956	0
2019-09-13	20.13999938964844	19.86000061035156	19.920000076293945	19.96999931335449	16064705.0	19.86603546142578	ASELS.IS	19.424664156892653	18.81994326314137	0.6047208937512849	0
2019-09-16	20.299999237060547	19.84000015258789	19.850000381469727	20.07999992370605	17304988.0	19.975461959838867	ASELS.IS	19.5348237174819	18.924990419697263	0.6098332977846361	0
2019-09-17	20.31999969482422	19.459999084472656	20.200000762939453	19.57999992370605	26439884.0	19.478065490722656	ASELS.IS	19.52347207213005	18.975269972614093	0.548202099515958	0
2019-09-18	19.61000061035156	19.18000030517578	19.559999465942386	19.309999465942386	14202363.0	19.25951385498047	ASELS.IS	19.470680428700135	19.00111032602624	0.4695701026738952	0
2019-09-19	19.530000686645508	18.86000061035156	19.350000381469727	18.8799991607666	14667029.0	18.830638885498047	ASELS.IS	19.342672120059717	18.985612922085743	0.35705919797397456	0
2019-09-20	19.020000457763672	18.559999465942386	18.950000762939453	18.700000762939453	12871750.0	18.651111602783203	ASELS.IS	19.204360016604415	18.95520371078319	0.2491563058212236	0
2019-09-23	18.899999618530273	18.450000762939453	18.81999969482422	18.540000915527344	12259296.0	18.49152946472168	ASELS.IS	19.06179390622787	18.913051506020064	0.14874240020780505	0
2019-09-24	19.280000686645508	18.729999542236328	19.21999931335449	18.88999938964844	21494507.0	18.840612411499023	ASELS.IS	19.0175576072821	18.906466133709113	0.1110914735729871	0
2019-09-25	18.88999938964844	18.63999938964844	18.790000915527344	18.86000061035156	12781649.0	18.810691833496094	ASELS.IS	18.9761844525249	18.897759379046015	0.07842507347888628	0
2019-09-26	19.01000022888184	18.6299991607666	18.950000762939453	18.65999984741211	10979067.0	18.61121368408203	ASELS.IS	18.90319029883633	18.871709770145618	0.03148052869071094	0
2019-09-27	19.6299991607666	18.709999084472656	18.71999931335449	19.56999969482422	30386390.0	19.518835067749023	ASELS.IS	19.02631925261887	18.93053934320382	0.09577990941505021	0
2019-09-30	20.31999969482422	19.709999084472656	19.739999771118164	20.13999938964844	23616723.0	20.087345123291016	ASELS.IS	19.2385244267533	19.03570350592178	0.20282092083152037	0
2019-10-01	20.15999984741211	19.280000686645508	20.13999938964844	19.440000534057614	23411432.0	19.389175415039066	ASELS.IS	19.268654624410456	19.067837316089275	0.20081730832118083	0
2019-10-02	19.549999237060547	19.280000686645508	19.5	19.31999969482422	13163006.0	19.269489288330078	ASELS.IS	19.268821557194382	19.086169313694196	0.18265224350018627	0
2019-10-03	19.51000022888184	18.8700008392334	19.3799991607666	18.96999931335449	17681128.0	18.92040252685547	ASELS.IS	19.1991377511266	19.071099605703747	0.12803814542285252	0
2019-10-04	19.170000076293945	18.959999084472656	19.100000381469727	19.06999969482422	12540986.0	19.0201416015625	ASELS.IS	19.16333852121378	19.06646705984589	0.09687146136788982	0
2019-10-07	19.40999984741211	18.96999931335449	19.100000381469727	19.0	19640355.0	18.95032501220703	ASELS.IS	19.12073581941243	19.055908691823124	0.06482712758930731	0
2019-10-08	18.959999084472656	18.43000030517578	18.850000381469727	18.71999931335449	19372957.0	18.671056747436523	ASELS.IS	19.03080000501725	19.02092215125686	0.009877853760393407	0
2019-10-09	18.8700008392334	18.309999465942386	18.729999542236328	18.32999992370605	11719536.0	18.28207778930664	ASELS.IS	18.88105556187513	18.95375448169635	-0.0726989198212209	0
2019-10-10	18.38999938964844	17.600000381469727	18.280000686645508	17.989999771118164	18342353.0	17.94296646118164	ASELS.IS	18.69343774173643	18.86186466128602	-0.16842691954958866	0
2019-10-11	18.520000457763672	18.07999992370605	18.100000381469727	18.209999084472656	11950531.0	18.162389755249023	ASELS.IS	18.58722814443895	18.798276033235773	-0.21104788879682346	0
2019-10-14	18.1299991607666	16.690000534057614	18.1299991607666	17.079999923706055	21010867.0	17.035345077514652	ASELS.IS	18.27685153105409	18.638009582191657	-0.3611580511375685	0
2019-10-15	17.5	17.180000305175778	17.399999618530273	17.260000228881836	16777524.0	17.214874267578125	ASELS.IS	18.064456078358898	18.508633644114962	-0.44417756575606404	0
2019-10-16	17.079999923706055	16.760000228881836	17.079999923706055	16.920000076293945	15339759.0	16.875762939453125	ASELS.IS	17.826717450577743	18.36019085238095	-0.5334734018032066	0
2019-10-17	17.110000610351562	16.799999237060547	16.879999160766598	16.940000534057614	19517879.0	16.89571189880371	ASELS.IS	17.640516340222938	18.227056401728696	-0.5865400615057581	0
2019-10-18	17.989999771118164	17.68000030517578	17.899999618530273	17.860000610351562	26618491.0	17.81330680847168	ASELS.IS	17.675074433872688	18.189442802257695	-0.5143683683850071	0
2019-10-21	17.8700008392334	17.549999237060547	17.8700008392334	17.59000015258789	13234690.0	17.544012069702152	ASELS.IS	17.64886196103858	18.13076728099716	-0.4819053199585781	0
2019-10-22	17.790000915527344	17.600000381469727	17.639999389648438	17.709999084472656	13897768.0	17.663698196411133	ASELS.IS	17.651829208113092	18.088306455047334	-0.43647724693424195	0
2019-10-23	18.209999084472656	17.719999313354492	17.850000381469727	18.15999984741211	28725173.0	18.11252212524414	ASELS.IS	17.7439677915393	18.090507879614375	-0.3465400880750735	0
2019-10-24	18.530000686645508	18.06999969482422	18.36000061035156	18.149999618530273	20682814.0	18.10254669189453	ASELS.IS	17.815683571610347	18.091602317096058	-0.27591874548571127	0
2019-10-25	18.709999084472656	18.100000381469727	18.18000030517578	18.690000534057614	26716207.0	18.641136169433594	ASELS.IS	17.980774091174997	18.141559940105108	-0.16078584893011083	0
2019-10-28	18.799999237060547	18.57999992370605	18.71999931335449	18.65999984741211	6092973.0	18.61121368408203	ASELS.IS	18.106862009756405	18.18425573506592	-0.07739372530951627	0
2019-10-30	18.540000915527344	18.049999237060547	18.350000381469727	18.34000015258789	15322323.0	18.292051315307614	ASELS.IS	18.143899870866647	18.194055333280943	-0.05015546241429547	0
2019-10-31	18.530000686645508	18.21999931335449	18.399999618530273	18.32999992370605	9354000.0	18.28207778930664	ASELS.IS	18.171535454554647	18.20205737474616	-0.03052192019151434	0
2019-11-01	18.420000076293945	18.15999984741211	18.399999618530273	18.36000061035156	7907185.0	18.312000274658203	ASELS.IS	18.199628418575358	18.21205218383854	-0.012423765263182673	1
2019-11-04	18.959999084472656	18.46999931335449	18.520000457763672	18.850000381469727	18241835.0	18.80071830749512	ASELS.IS	18.31984639635931	18.265567286035214	0.054279110324095825	0
2019-11-05	18.959999084472656	18.729999542236328	18.8799991607666	18.8799991607666	10976663.0	18.830638885498047	ASELS.IS	18.422004894187058	18.316937431481136	0.1050674627059216	0
2019-11-06	18.8700008392334	18.450000762939453	18.8700008392334	18.600000381469727	22726101.0	18.55137252807617	ASELS.IS	18.44787842096488	18.33824971300494	0.10962870795993851	0
2019-11-07	19.07999992370605	18.68000030517578	18.75	18.940000534057614	25656175.0	18.89048385620117	ASELS.IS	18.53639950801214	18.388452816964346	0.14794669104779246	0
2019-11-08	19.299999237060547	18.8700008392334	18.959999084472656	18.950000762939453	27337437.0	18.90045738220215	ASELS.IS	18.60921108285014	18.434998686558792	0.17421239629134888	0
2019-11-11	18.8700008392334	18.549999237060547	18.799999237060547	18.770000457763672	21226590.0	18.720928192138672	ASELS.IS	18.631554504707847	18.460992277989043	0.17056222671880406	0
2019-11-12	19.200000762939453	18.82999992370605	18.82999992370605	19.059999465942386	23879697.0	19.010168075561523	ASELS.IS	18.707277218878584	18.510917350519897	0.19635986835868735	0
2019-11-13	19.36000061035156	18.96999931335449	19.06999969482422	19.299999237060547	29816972.0	19.24954032897949	ASELS.IS	18.815729840898765	18.57806489404589	0.23766494685287398	0
2019-11-14	19.36000061035156	18.90999984741211	19.01000022888184	18.959999084472656	24329501.0	18.91042900085449	ASELS.IS	18.834669672889913	18.60827981285881	0.22638986003110162	0
2019-11-15	19.26000022888184	19.11000061035156	19.15999984741211	19.1200008392334	15118696.0	19.07001304626465	ASELS.IS	18.88173834756486	18.65025556136558	0.23148278619927964	0
2019-11-18	19.40999984741211	19.190000534057614	19.209999084472656	19.290000915527344	20238172.0	19.23956871032715	ASELS.IS	18.953304420117316	18.703829484016236	0.2494749361010804	0
2019-11-19	19.6200008392334	19.25	19.34000015258789	19.440000534057614	27605434.0	19.389175415039066	ASELS.IS	19.040478619101666	18.766133659582568	0.2743449595190981	0
2019-11-20	19.790000915527344	19.32999992370605	19.420000076293945	19.399999618530273	26181485.0	19.349279403686523	ASELS.IS	19.102238776018638	18.819146909061107	0.2830918669575304	0
2019-11-21	19.59000015258789	19.280000686645508	19.420000076293945	19.309999465942386	15866484.0	19.25951385498047	ASELS.IS	19.133693791811005	18.859180267791032	0.274513524019973	0
2019-11-22	19.440000534057614	19.170000076293945	19.36000061035156	19.26000022888184	15318693.0	19.209646224975586	ASELS.IS	19.148884278443923	18.89104080936049	0.2578434690834328	0
2019-11-25	19.440000534057614	18.770000457763672	19.3799991607666	18.780000686645508	21517870.0	18.73090171813965	ASELS.IS	19.06528776638307	18.876482710155596	0.1888050562274728	0
2019-11-26	18.920000076293945	18.559999465942386	18.790000915527344	18.88999938964844	22583200.0	18.840612411499023	ASELS.IS	19.02035269540626	18.873221773913478	0.1471309214927814	0
2019-11-27	18.899999618530273	18.6299991607666	18.81999969482422	18.649999618530273	13512639.0	18.60124015808105	ASELS.IS	18.93653018794122	18.848496172469954	0.08803401547126555	0
2019-11-28	18.8799991607666	18.649999618530273	18.690000534057614	18.799999237060547	22600693.0	18.75084686279297	ASELS.IS	18.89939352291157	18.839618962497944	0.05977456041362572	0
2019-11-29	18.8799991607666	18.670000076293945	18.82999992370605	18.670000076293945	11946042.0	18.62118911743164	ASELS.IS	18.843752641815584	18.819761703852755	0.023990937962828696	0
2019-12-02	18.8700008392334	18.75	18.790000915527344	18.790000915527344	17212081.0	18.740875244140625	ASELS.IS	18.823177162280594	18.812590207514372	0.010586954766221623	0
2019-12-03	19.3700008392334	18.670000076293945	18.739999771118164	18.780000686645508	45247914.0	18.73090171813965	ASELS.IS	18.804722073452407	18.805163981206718	-0.00044190775431118823	1
2019-12-04	19.100000381469727	18.799999237060547	18.940000534057614	18.93000030517578	19093673.0	18.88050842285156	ASELS.IS	18.81987934333224	18.812013475902425	0.007865867429813989	0
2019-12-05	19.770000457763672	19.040000915527344	19.040000915527344	19.700000762939453	52894303.0	19.648496627807614	ASELS.IS	18.985602800227316	18.888057398810208	0.09754540141710777	0
2019-12-06	19.81999969482422	19.36000061035156	19.799999237060547	19.3700008392334	35514764.0	19.319358825683594	ASELS.IS	19.052354005318573	18.927266619438488	0.12508738588008583	0
2019-12-09	19.709999084472656	19.280000686645508	19.38999938964844	19.5	24695695.0	19.449018478393555	ASELS.IS	19.13168689993357	18.974698606619988	0.15698829331358155	0
2019-12-10	19.75	19.309999465942386	19.520000457763672	19.36000061035156	19509030.0	19.309385299682614	ASELS.IS	19.16722657988338	19.00512466962788	0.16210191025550102	0
2019-12-11	19.38999938964844	19.11000061035156	19.3700008392334	19.1200008392334	14205107.0	19.07001304626465	ASELS.IS	19.147783873159636	19.01102361295888	0.13676026020075582	0
2019-12-12	19.6299991607666	19.21999931335449	19.21999931335449	19.540000915527344	34507438.0	19.488914489746094	ASELS.IS	19.216009996476927	19.05446823812395	0.16154175835297835	0
2019-12-13	19.899999618530273	19.43000030517578	19.690000534057614	19.540000915527344	31303398.0	19.488914489746094	ASELS.IS	19.270590895130763	19.093963351909924	0.17662754322083885	0
2019-12-16	19.63999938964844	19.34000015258789	19.57999992370605	19.520000457763672	24092220.0	19.46896743774414	ASELS.IS	19.31026620365344	19.12805463244199	0.18221157121145026	0
2019-12-17	19.700000762939453	19.40999984741211	19.63999938964844	19.459999084472656	19772900.0	19.409122467041016	ASELS.IS	19.330037456330956	19.15360625377032	0.17643120256063582	0
2019-12-18	19.3700008392334	19.1299991607666	19.270000457763672	19.190000534057614	14743143.0	19.190000534057614	ASELS.IS	19.30203007187629	19.156914824705662	0.14511524717062585	0
2019-12-19	19.32999992370605	19.170000076293945	19.270000457763672	19.21999931335449	14599514.0	19.21999931335449	ASELS.IS	19.28562392017193	19.162649778219407	0.12297414195252188	0
2019-12-20	19.31999969482422	19.1299991607666	19.25	19.170000076293945	12315201.0	19.170000076293945	ASELS.IS	19.262499151396334	19.163317987135297	0.09918116426103651	0
2019-12-23	19.31999969482422	19.11000061035156	19.200000762939453	19.229999542236328	12072073.0	19.229999542236328	ASELS.IS	19.255999229564335	19.16937994669012	0.08661928287421361	0
2019-12-24	19.670000076293945	19.3700008392334	19.399999618530273	19.6200008392334	23912099.0	19.6200008392334	ASELS.IS	19.32879955149815	19.210345482377015	0.11845406912113532	0
2019-12-25	19.709999084472656	19.57999992370605	19.63999938964844	19.709999084472656	15276049.0	19.709999084472656	ASELS.IS	19.405039458093054	19.255768537114132	0.14927092097892114	0
2019-12-26	19.950000762939453	19.600000381469727	19.739999771118164	19.700000762939453	25255242.0	19.700000762939453	ASELS.IS	19.464031719062334	19.296153284917363	0.1678784341449706	0
2019-12-27	19.76000022888184	19.559999465942386	19.71999931335449	19.68000030517578	12475783.0	19.68000030517578	ASELS.IS	19.507225436285026	19.33104846857795	0.17617696770707525	0
2019-12-30	20.459999084472656	19.71999931335449	19.739999771118164	20.440000534057614	45390246.0	20.440000534057614	ASELS.IS	19.693780455839544	19.43186229271438	0.2619181631251628	0
2019-12-31	21.21999931335449	20.5	20.540000915527344	20.940000534057614	35821482.0	20.940000534057614	ASELS.IS	19.94302447148316	19.568965769202503	0.3740587022806565	0
2020-01-02	21.6200008392334	21.1200008392334	21.299999237060547	21.57999992370605	28467970.0	21.57999992370605	ASELS.IS	20.27041956192774	19.75178705597843	0.5186325059493093	0
2020-01-03	21.940000534057614	20.899999618530273	21.399999618530273	21.780000686645508	55842710.0	21.780000686645508	ASELS.IS	20.572335786871292	19.936170113314436	0.6361656735568566	0
2020-01-06	22.36000061035156	21.68000030517578	21.76000022888184	22.07999992370605	47124726.0	22.07999992370605	ASELS.IS	20.873868614238248	20.13106373244348	0.7428048817947683	0
2020-01-07	22.559999465942386	21.979999542236328	22.34000015258789	22.420000076293945	34799000.0	22.420000076293945	ASELS.IS	21.18309490664939	20.339148854614162	0.8439460520352284	0
2020-01-08	22.5	21.979999542236328	22.1200008392334	22.280000686645508	35416875.0	22.280000686645508	ASELS.IS	21.402476062648617	20.51558993025527	0.8868861323933466	0
2020-01-09	22.899999618530273	22.540000915527344	22.68000030517578	22.86000061035156	25432437.0	22.86000061035156	ASELS.IS	21.69398097218921	20.728718173902468	0.9652627982867408	0
2020-01-10	23.13999938964844	22.540000915527344	22.959999084472656	22.70000076293945	26425813.0	22.70000076293945	ASELS.IS	21.89518493033926	20.90792568199833	0.9872592483409299	0
2020-01-13	23.0	22.68000030517578	22.940000534057614	22.899999618530273	22912397.0	22.899999618530273	ASELS.IS	22.096147867977464	21.089023312593604	1.0071245553838608	0
2020-01-14	23.3799991607666	22.76000022888184	22.940000534057614	23.28000068664551	26887848.0	23.28000068664551	ASELS.IS	22.332918431711075	21.28820307387251	1.044715357838566	0
2020-01-15	23.34000015258789	22.899999618530273	23.21999931335449	22.979999542236328	19109711.0	22.979999542236328	ASELS.IS	22.46233465381613	21.4420027528157	1.0203319010004286	0
2020-01-16	23.28000068664551	22.76000022888184	23.040000915527344	22.899999618530273	18964787.0	22.899999618530273	ASELS.IS	22.54986764675896	21.57454792242692	0.9753197243320386	0
2020-01-17	23.10000038146973	22.68000030517578	22.979999542236328	22.899999618530273	15137455.0	22.899999618530273	ASELS.IS	22.619894041113223	21.695043531164252	0.9248505099489712	0
2020-01-20	23.26000022888184	22.920000076293945	23.0	23.07999992370605	17739007.0	23.07999992370605	ASELS.IS	22.71191521763179	21.82094865775959	0.8909665598722007	0
2020-01-21	23.18000030517578	22.899999618530273	22.979999542236328	23.10000038146973	13485231.0	23.10000038146973	ASELS.IS	22.78953225039938	21.937226087188314	0.8523061632110647	0
2020-01-22	23.26000022888184	23.0	23.20000076293945	23.07999992370605	16131827.0	23.07999992370605	ASELS.IS	22.847625785060718	22.041114617781265	0.8065111672794529	0
2020-01-23	23.1200008392334	22.79999923706055	22.959999084472656	22.86000061035156	13704738.0	22.86000061035156	ASELS.IS	22.850100750118887	22.1155587989243	0.7345419511945863	0
2020-01-24	23.059999465942386	22.60000038146973	23.0	22.920000076293945	13312080.0	22.920000076293945	ASELS.IS	22.864080615353902	22.188689824139974	0.6753907912139283	0
2020-01-27	23.76000022888184	22.63999938964844	22.65999984741211	23.34000015258789	32654156.0	23.34000015258789	ASELS.IS	22.9592645228007	22.293354399453744	0.6659101233469578	0
2020-01-28	23.739999771118164	23.18000030517578	23.63999938964844	23.26000022888184	21104616.0	23.26000022888184	ASELS.IS	23.019411664016932	22.381231293038365	0.6381803709785672	0
2020-01-29	23.71999931335449	23.20000076293945	23.29999923706055	23.29999923706055	20062704.0	23.29999923706055	ASELS.IS	23.075529178625658	22.46475565158605	0.6107735270396084	0
2020-01-30	23.65999984741211	23.20000076293945	23.239999771118164	23.65999984741211	20049566.0	23.65999984741211	ASELS.IS	23.19242331238295	22.57341421484322	0.6190090975397311	0
2020-01-31	24.0	23.459999084472656	23.71999931335449	23.520000457763672	21467037.0	23.520000457763672	ASELS.IS	23.257938741459096	22.659467509654352	0.5984712318047443	0
2020-02-03	23.540000915527344	23.26000022888184	23.5	23.3799991607666	11885641.0	23.3799991607666	ASELS.IS	23.2823508253206	22.72497038702832	0.5573804382922773	0
2020-02-04	24.60000038146973	23.60000038146973	23.71999931335449	24.57999992370605	30436610.0	24.57999992370605	ASELS.IS	23.541880644997693	22.893609435817503	0.6482712091801908	0
2020-02-05	24.899999618530273	24.21999931335449	24.6200008392334	24.3799991607666	24739614.0	24.3799991607666	ASELS.IS	23.709504348151476	23.028735774449455	0.6807685737020215	0
2020-02-06	24.70000076293945	24.36000061035156	24.63999938964844	24.399999618530273	12670801.0	24.399999618530273	ASELS.IS	23.84760340222724	23.15339612391153	0.6942072783157087	0
2020-02-07	24.78000068664551	24.28000068664551	24.5	24.420000076293945	15186213.0	24.420000076293945	ASELS.IS	23.962082737040582	23.268541937764628	0.6935407992759544	0
2020-02-10	24.76000022888184	23.28000068664551	24.5	24.10000038146973	26193475.0	24.10000038146973	ASELS.IS	23.989666265926413	23.344129069010638	0.6455371969157753	0
2020-02-11	24.84000015258789	23.979999542236328	24.3799991607666	24.76000022888184	27246420.0	24.76000022888184	ASELS.IS	24.1437330585175	23.47284462899907	0.6708884295184312	0
2020-02-12	28.68000030517578	25.71999931335449	25.71999931335449	27.959999084472656	147673006.0	27.959999084472656	ASELS.IS	24.906986263708536	23.88076776131525	1.0262185023932844	0
2020-02-13	28.76000022888184	27.78000068664551	28.020000457763672	28.21999931335449	49087663.0	28.21999931335449	ASELS.IS	25.56958887363773	24.275243356955535	1.2943455166821956	0
2020-02-14	29.70000076293945	28.239999771118164	28.28000068664551	29.07999992370605	55522747.0	29.07999992370605	ASELS.IS	26.271671083651395	24.712039408478667	1.559631675172728	0
